scenario,target_norad,sigma_deg,trial,catalog_size,observation_count,best_norad,best_chi2,best_fit_p_value,best_catalog_match,target_rank,correct_decision
known_hard,17070,0,1,250,3,17070,0,1,1,1,1
unknown_random,17070,0,1,249,3,34955,2.84174e+08,0,0,-1,1
unknown_hard,17070,0,1,250,3,62256,3.86931e+06,0,0,-1,1
known_hard,17070,0,2,250,3,17070,0,1,1,1,1
unknown_random,17070,0,2,249,3,34955,2.84174e+08,0,0,-1,1
unknown_hard,17070,0,2,250,3,62256,3.86931e+06,0,0,-1,1
known_hard,17070,0,3,250,3,17070,0,1,1,1,1
unknown_random,17070,0,3,249,3,34955,2.84174e+08,0,0,-1,1
unknown_hard,17070,0,3,250,3,62256,3.86931e+06,0,0,-1,1
known_hard,17070,0,4,250,3,17070,0,1,1,1,1
unknown_random,17070,0,4,249,3,34955,2.84174e+08,0,0,-1,1
unknown_hard,17070,0,4,250,3,62256,3.86931e+06,0,0,-1,1
known_hard,17070,0,5,250,3,17070,0,1,1,1,1
unknown_random,17070,0,5,249,3,34955,2.84174e+08,0,0,-1,1
unknown_hard,17070,0,5,250,3,62256,3.86931e+06,0,0,-1,1
known_hard,17070,0.05,1,250,3,17070,6.81342,0.338447,1,1,1
unknown_random,17070,0.05,1,249,3,34955,114480,0,0,-1,1
unknown_hard,17070,0.05,1,250,3,62256,1531,0,0,-1,1
known_hard,17070,0.05,2,250,3,17070,7.732,0.258402,1,1,1
unknown_random,17070,0.05,2,249,3,34955,113697,0,0,-1,1
unknown_hard,17070,0.05,2,250,3,62256,1506.44,2.17389e-322,0,-1,1
known_hard,17070,0.05,3,250,3,17070,1.95079,0.924168,1,1,1
unknown_random,17070,0.05,3,249,3,34955,113800,0,0,-1,1
unknown_hard,17070,0.05,3,250,3,62256,1607.51,0,0,-1,1
known_hard,17070,0.05,4,250,3,17070,2.49127,0.869443,1,1,1
unknown_random,17070,0.05,4,249,3,34955,114215,0,0,-1,1
unknown_hard,17070,0.05,4,250,3,62256,1727.26,0,0,-1,1
known_hard,17070,0.05,5,250,3,17070,6.09646,0.412471,1,1,1
unknown_random,17070,0.05,5,249,3,34955,112439,0,0,-1,1
unknown_hard,17070,0.05,5,250,3,62256,1458.07,6.45432e-312,0,-1,1
known_hard,17070,0.1,1,250,3,17070,5.80409,0.445491,1,1,1
unknown_random,17070,0.1,1,249,3,34955,28579.4,0,0,-1,1
unknown_hard,17070,0.1,1,250,3,62256,358.268,2.5901e-74,0,-1,1
known_hard,17070,0.1,2,250,3,17070,9.30826,0.156969,1,1,1
unknown_random,17070,0.1,2,249,3,34955,28645.4,0,0,-1,1
unknown_hard,17070,0.1,2,250,3,62256,391.309,2.06382e-81,0,-1,1
known_hard,17070,0.1,3,250,3,17070,4.50183,0.609095,1,1,1
unknown_random,17070,0.1,3,249,3,34955,29002.6,0,0,-1,1
unknown_hard,17070,0.1,3,250,3,62256,356.239,7.06268e-74,0,-1,1
known_hard,17070,0.1,4,250,3,17070,9.28855,0.157989,1,1,1
unknown_random,17070,0.1,4,249,3,34955,28549,0,0,-1,1
unknown_hard,17070,0.1,4,250,3,62256,440.388,5.74832e-92,0,-1,1
known_hard,17070,0.1,5,250,3,17070,7.59917,0.268964,1,1,1
unknown_random,17070,0.1,5,249,3,34955,28502.8,0,0,-1,1
unknown_hard,17070,0.1,5,250,3,62256,412.759,5.04818e-86,0,-1,1
known_hard,17070,0.25,1,250,3,17070,8.67136,0.192921,1,1,1
unknown_random,17070,0.25,1,249,3,34955,4526.84,0,0,-1,1
unknown_hard,17070,0.25,1,250,3,62256,76.2973,2.07464e-14,0,-1,1
known_hard,17070,0.25,2,250,3,17070,2.35747,0.884066,1,1,1
unknown_random,17070,0.25,2,249,3,34955,4708.07,0,0,-1,1
unknown_hard,17070,0.25,2,250,3,62256,60.5951,3.40702e-11,0,-1,1
known_hard,17070,0.25,3,250,3,17070,6.24902,0.39588,1,1,1
unknown_random,17070,0.25,3,249,3,34955,4568.53,0,0,-1,1
unknown_hard,17070,0.25,3,250,3,62256,87.535,9.84302e-17,0,-1,1
known_hard,17070,0.25,4,250,3,17070,6.43541,0.376221,1,1,1
unknown_random,17070,0.25,4,249,3,34955,4454.01,0,0,-1,1
unknown_hard,17070,0.25,4,250,3,62256,67.9723,1.06441e-12,0,-1,1
known_hard,17070,0.25,5,250,3,17070,10.1011,0.12046,1,1,1
unknown_random,17070,0.25,5,249,3,34955,4484.27,0,0,-1,1
unknown_hard,17070,0.25,5,250,3,62256,70.5583,3.14101e-13,0,-1,1
known_hard,17070,0.5,1,250,3,62256,7.63174,0.266343,1,2,1
unknown_random,17070,0.5,1,249,3,34955,1096.88,9.88583e-234,0,-1,1
unknown_hard,17070,0.5,1,250,3,62256,14.0041,0.0295904,1,-1,0
known_hard,17070,0.5,2,250,3,17070,2.4341,0.875769,1,1,1
unknown_random,17070,0.5,2,249,3,34955,1099.3,2.9581e-234,0,-1,1
unknown_hard,17070,0.5,2,250,3,62256,27.3139,0.000126453,0,-1,1
known_hard,17070,0.5,3,250,3,17070,8.66441,0.19335,1,1,1
unknown_random,17070,0.5,3,249,3,34955,1089.09,4.7749e-232,0,-1,1
unknown_hard,17070,0.5,3,250,3,62256,27.2199,0.000131697,0,-1,1
known_hard,17070,0.5,4,250,3,17070,13.6594,0.0336805,1,1,1
unknown_random,17070,0.5,4,249,3,34955,1088.57,6.18476e-232,0,-1,1
unknown_hard,17070,0.5,4,250,3,62256,18.5806,0.00493387,1,-1,0
known_hard,17070,0.5,5,250,3,17070,6.87007,0.33303,1,1,1
unknown_random,17070,0.5,5,249,3,34955,1099.24,3.04918e-234,0,-1,1
unknown_hard,17070,0.5,5,250,3,62256,19.8988,0.00288667,1,-1,0
known_hard,17070,1,1,250,3,62256,12.2635,0.0563421,1,3,1
unknown_random,17070,1,1,249,3,34955,257.578,9.8409e-53,0,-1,1
unknown_hard,17070,1,1,250,3,62258,11.2599,0.0806694,1,-1,0
known_hard,17070,1,2,250,3,17070,11.0815,0.0858895,1,1,1
unknown_random,17070,1,2,249,3,34955,320.667,3.03674e-66,0,-1,1
unknown_hard,17070,1,2,250,3,62256,5.93068,0.431,1,-1,0
known_hard,17070,1,3,250,3,17070,3.22655,0.779923,1,1,1
unknown_random,17070,1,3,249,3,34955,285.373,1.11127e-58,0,-1,1
unknown_hard,17070,1,3,250,3,30845,5.99481,0.423772,1,-1,0
known_hard,17070,1,4,250,3,17070,15.365,0.0176004,1,1,1
unknown_random,17070,1,4,249,3,34955,287.537,3.82433e-59,0,-1,1
unknown_hard,17070,1,4,250,3,65981,12.023,0.0614573,1,-1,0
known_hard,17070,1,5,250,3,17070,2.85946,0.826268,1,1,1
unknown_random,17070,1,5,249,3,34955,249.275,5.85886e-51,0,-1,1
unknown_hard,17070,1,5,250,3,62256,6.55862,0.363598,1,-1,0
known_hard,17070,2,1,250,3,17070,9.51438,0.146649,1,1,1
unknown_random,17070,2,1,249,3,33823,70.0606,3.97357e-13,0,-1,1
unknown_hard,17070,2,1,250,3,65981,3.84834,0.697191,1,-1,0
known_hard,17070,2,2,250,3,31736,2.5833,0.859031,1,2,1
unknown_random,17070,2,2,249,3,34955,84.0175,5.27407e-16,0,-1,1
unknown_hard,17070,2,2,250,3,62256,3.93085,0.686033,1,-1,0
known_hard,17070,2,3,250,3,62258,5.90863,0.433503,1,4,1
unknown_random,17070,2,3,249,3,33823,114.781,2.02957e-22,0,-1,1
unknown_hard,17070,2,3,250,3,30845,4.99861,0.543991,1,-1,0
known_hard,17070,2,4,250,3,62256,5.07427,0.534324,1,2,1
unknown_random,17070,2,4,249,3,34955,92.6576,8.49329e-18,0,-1,1
unknown_hard,17070,2,4,250,3,62258,5.12062,0.528438,1,-1,0
known_hard,17070,2,5,250,3,17070,1.45221,0.962606,1,1,1
unknown_random,17070,2,5,249,3,33823,63.0676,1.06929e-11,0,-1,1
unknown_hard,17070,2,5,250,3,32419,7.46393,0.280063,1,-1,0
known_hard,17070,5,1,250,3,31736,2.05875,0.914216,1,7,1
unknown_random,17070,5,1,249,3,33823,12.8691,0.0451626,1,-1,0
unknown_hard,17070,5,1,250,3,63216,3.71245,0.715522,1,-1,0
known_hard,17070,5,2,250,3,31736,6.97063,0.323572,1,3,1
unknown_random,17070,5,2,249,3,35459,19.6996,0.00313169,1,-1,0
unknown_hard,17070,5,2,250,3,62256,1.13736,0.979865,1,-1,0
known_hard,17070,5,3,250,3,30209,2.1292,0.907441,1,7,1
unknown_random,17070,5,3,249,3,35459,9.58129,0.143428,1,-1,0
unknown_hard,17070,5,3,250,3,43001,3.8944,0.690965,1,-1,0
known_hard,17070,5,4,250,3,63260,3.79368,0.704573,1,15,1
unknown_random,17070,5,4,249,3,34955,15.2153,0.0186469,1,-1,0
unknown_hard,17070,5,4,250,3,67961,12.9485,0.0438606,1,-1,0
known_hard,17070,5,5,250,3,63260,5.54162,0.476441,1,20,1
unknown_random,17070,5,5,249,3,33823,13.1459,0.0407759,1,-1,0
unknown_hard,17070,5,5,250,3,46451,6.17951,0.403385,1,-1,0
known_hard,17070,10,1,250,3,49199,0.404775,0.998812,1,24,1
unknown_random,17070,10,1,249,3,35459,8.45112,0.20688,1,-1,0
unknown_hard,17070,10,1,250,3,29953,0.932375,0.988046,1,-1,0
known_hard,17070,10,2,250,3,47289,4.90404,0.556179,1,121,1
unknown_random,17070,10,2,249,3,35459,9.9549,0.126564,1,-1,0
unknown_hard,17070,10,2,250,3,30206,4.79417,0.570471,1,-1,0
known_hard,17070,10,3,250,3,67961,7.86732,0.247986,1,24,1
unknown_random,17070,10,3,249,3,34955,3.90367,0.689711,1,-1,0
unknown_hard,17070,10,3,250,3,36053,4.73392,0.578364,1,-1,0
known_hard,17070,10,4,250,3,55832,7.71055,0.260085,1,63,1
unknown_random,17070,10,4,249,3,35459,5.93338,0.430695,1,-1,0
unknown_hard,17070,10,4,250,3,47260,2.38039,0.881606,1,-1,0
known_hard,17070,10,5,250,3,47228,2.52945,0.865158,1,15,1
unknown_random,17070,10,5,249,3,34955,10.851,0.0930906,1,-1,0
unknown_hard,17070,10,5,250,3,35459,3.63141,0.726412,1,-1,0
known_hard,17070,15,1,250,3,35961,6.51357,0.36818,1,34,1
unknown_random,17070,15,1,249,3,34955,3.86841,0.694479,1,-1,0
unknown_hard,17070,15,1,250,3,31332,5.70632,0.456878,1,-1,0
known_hard,17070,15,2,250,3,68683,0.777818,0.992655,1,14,1
unknown_random,17070,15,2,249,3,34964,3.37989,0.759875,1,-1,0
unknown_hard,17070,15,2,250,3,67961,6.71789,0.347726,1,-1,0
known_hard,17070,15,3,250,3,67383,1.22501,0.975632,1,133,1
unknown_random,17070,15,3,249,3,34964,9.90756,0.128599,1,-1,0
unknown_hard,17070,15,3,250,3,30845,2.70973,0.844297,1,-1,0
known_hard,17070,15,4,250,3,35459,5.74614,0.452219,1,102,1
unknown_random,17070,15,4,249,3,35459,3.81996,0.701026,1,-1,0
unknown_hard,17070,15,4,250,3,49198,11.2236,0.0817078,1,-1,0
known_hard,17070,15,5,250,3,57387,3.3435,0.764661,1,7,1
unknown_random,17070,15,5,249,3,57492,7.41327,0.284312,1,-1,0
unknown_hard,17070,15,5,250,3,43479,5.49919,0.481554,1,-1,0
known_hard,17070,20,1,250,3,67884,1.43255,0.963849,1,122,1
unknown_random,17070,20,1,249,3,57492,2.98547,0.810669,1,-1,0
unknown_hard,17070,20,1,250,3,17973,2.19718,0.9007,1,-1,0
known_hard,17070,20,2,250,3,38122,3.26974,0.774309,1,23,1
unknown_random,17070,20,2,249,3,34955,5.06826,0.535089,1,-1,0
unknown_hard,17070,20,2,250,3,87782,6.61713,0.357709,1,-1,0
known_hard,17070,20,3,250,3,34146,5.1748,0.521597,1,108,1
unknown_random,17070,20,3,249,3,33823,2.02414,0.917465,1,-1,0
unknown_hard,17070,20,3,250,3,49188,2.503,0.868132,1,-1,0
known_hard,17070,20,4,250,3,64935,1.7602,0.94038,1,110,1
unknown_random,17070,20,4,249,3,33823,4.44731,0.616378,1,-1,0
unknown_hard,17070,20,4,250,3,39763,5.07828,0.533814,1,-1,0
known_hard,17070,20,5,250,3,39763,3.873,0.693858,1,99,1
unknown_random,17070,20,5,249,3,34964,3.44511,0.751258,1,-1,0
unknown_hard,17070,20,5,250,3,38510,8.23612,0.22131,1,-1,0
known_hard,30232,0,1,250,3,30232,0,1,1,1,1
unknown_random,30232,0,1,249,3,33994,4.49356e+08,0,0,-1,1
unknown_hard,30232,0,1,250,3,64849,3.46859e+07,0,0,-1,1
known_hard,30232,0,2,250,3,30232,0,1,1,1,1
unknown_random,30232,0,2,249,3,33994,4.49356e+08,0,0,-1,1
unknown_hard,30232,0,2,250,3,64849,3.46859e+07,0,0,-1,1
known_hard,30232,0,3,250,3,30232,0,1,1,1,1
unknown_random,30232,0,3,249,3,33994,4.49356e+08,0,0,-1,1
unknown_hard,30232,0,3,250,3,64849,3.46859e+07,0,0,-1,1
known_hard,30232,0,4,250,3,30232,0,1,1,1,1
unknown_random,30232,0,4,249,3,33994,4.49356e+08,0,0,-1,1
unknown_hard,30232,0,4,250,3,64849,3.46859e+07,0,0,-1,1
known_hard,30232,0,5,250,3,30232,0,1,1,1,1
unknown_random,30232,0,5,249,3,33994,4.49356e+08,0,0,-1,1
unknown_hard,30232,0,5,250,3,64849,3.46859e+07,0,0,-1,1
known_hard,30232,0.05,1,250,3,30232,1.85274,0.932732,1,1,1
unknown_random,30232,0.05,1,249,3,33994,180096,0,0,-1,1
unknown_hard,30232,0.05,1,250,3,64849,14092,0,0,-1,1
known_hard,30232,0.05,2,250,3,30232,7.87707,0.247248,1,1,1
unknown_random,30232,0.05,2,249,3,33994,180319,0,0,-1,1
unknown_hard,30232,0.05,2,250,3,64849,13773.4,0,0,-1,1
known_hard,30232,0.05,3,250,3,30232,4.89733,0.557047,1,1,1
unknown_random,30232,0.05,3,249,3,33994,180203,0,0,-1,1
unknown_hard,30232,0.05,3,250,3,64849,13115.7,0,0,-1,1
known_hard,30232,0.05,4,250,3,30232,6.43138,0.376639,1,1,1
unknown_random,30232,0.05,4,249,3,33994,179290,0,0,-1,1
unknown_hard,30232,0.05,4,250,3,64849,14244.6,0,0,-1,1
known_hard,30232,0.05,5,250,3,30232,2.7079,0.844513,1,1,1
unknown_random,30232,0.05,5,249,3,33994,179616,0,0,-1,1
unknown_hard,30232,0.05,5,250,3,64849,13563.8,0,0,-1,1
known_hard,30232,0.1,1,250,3,30232,8.88353,0.180235,1,1,1
unknown_random,30232,0.1,1,249,3,33994,44750.8,0,0,-1,1
unknown_hard,30232,0.1,1,250,3,64849,3540.04,0,0,-1,1
known_hard,30232,0.1,2,250,3,30232,8.22507,0.222073,1,1,1
unknown_random,30232,0.1,2,249,3,33994,44685.8,0,0,-1,1
unknown_hard,30232,0.1,2,250,3,64849,3363.81,0,0,-1,1
known_hard,30232,0.1,3,250,3,30232,8.92301,0.177955,1,1,1
unknown_random,30232,0.1,3,249,3,33994,44979.9,0,0,-1,1
unknown_hard,30232,0.1,3,250,3,64849,3428.44,0,0,-1,1
known_hard,30232,0.1,4,250,3,30232,11.6675,0.0698111,1,1,1
unknown_random,30232,0.1,4,249,3,33994,44581.7,0,0,-1,1
unknown_hard,30232,0.1,4,250,3,64849,3538.83,0,0,-1,1
known_hard,30232,0.1,5,250,3,30232,0.415099,0.998724,1,1,1
unknown_random,30232,0.1,5,249,3,33994,44668,0,0,-1,1
unknown_hard,30232,0.1,5,250,3,64849,3517.54,0,0,-1,1
known_hard,30232,0.25,1,250,3,30232,5.61256,0.467958,1,1,1
unknown_random,30232,0.25,1,249,3,33994,7368.45,0,0,-1,1
unknown_hard,30232,0.25,1,250,3,64849,665.837,1.4509e-140,0,-1,1
known_hard,30232,0.25,2,250,3,30232,6.84768,0.335164,1,1,1
unknown_random,30232,0.25,2,249,3,33994,7096.9,0,0,-1,1
unknown_hard,30232,0.25,2,250,3,64849,533.547,4.96938e-112,0,-1,1
known_hard,30232,0.25,3,250,3,30232,10.6617,0.0994116,1,1,1
unknown_random,30232,0.25,3,249,3,33994,7073.56,0,0,-1,1
unknown_hard,30232,0.25,3,250,3,64849,535.222,2.16371e-112,0,-1,1
known_hard,30232,0.25,4,250,3,30232,3.09698,0.79658,1,1,1
unknown_random,30232,0.25,4,249,3,33994,7354.16,0,0,-1,1
unknown_hard,30232,0.25,4,250,3,64849,659.93,2.73246e-139,0,-1,1
known_hard,30232,0.25,5,250,3,30232,9.48872,0.1479,1,1,1
unknown_random,30232,0.25,5,249,3,33994,7175.92,0,0,-1,1
unknown_hard,30232,0.25,5,250,3,64849,552.899,3.3492e-116,0,-1,1
known_hard,30232,0.5,1,250,3,30232,4.42516,0.619343,1,1,1
unknown_random,30232,0.5,1,249,3,33994,1821.02,0,0,-1,1
unknown_hard,30232,0.5,1,250,3,64849,168.219,1.07345e-33,0,-1,1
known_hard,30232,0.5,2,250,3,30232,7.428,0.283072,1,1,1
unknown_random,30232,0.5,2,249,3,33994,1818.97,0,0,-1,1
unknown_hard,30232,0.5,2,250,3,64849,175.034,3.84485e-35,0,-1,1
known_hard,30232,0.5,3,250,3,30232,7.06773,0.314629,1,1,1
unknown_random,30232,0.5,3,249,3,33994,1658.76,0,0,-1,1
unknown_hard,30232,0.5,3,250,3,64849,140.205,9.07231e-28,0,-1,1
known_hard,30232,0.5,4,250,3,30232,6.22,0.399002,1,1,1
unknown_random,30232,0.5,4,249,3,33994,1838.28,0,0,-1,1
unknown_hard,30232,0.5,4,250,3,64849,160.446,4.76501e-32,0,-1,1
known_hard,30232,0.5,5,250,3,30232,3.79287,0.704683,1,1,1
unknown_random,30232,0.5,5,249,3,33994,1758.83,0,0,-1,1
unknown_hard,30232,0.5,5,250,3,64849,158.127,1.47591e-31,0,-1,1
known_hard,30232,1,1,250,3,30232,12.0585,0.0606763,1,1,1
unknown_random,30232,1,1,249,3,33994,527.341,1.08099e-110,0,-1,1
unknown_hard,30232,1,1,250,3,64849,57.5985,1.38204e-10,0,-1,1
known_hard,30232,1,2,250,3,30232,3.52543,0.740583,1,1,1
unknown_random,30232,1,2,249,3,33994,429.708,1.14112e-89,0,-1,1
unknown_hard,30232,1,2,250,3,64849,43.3565,9.91493e-08,0,-1,1
known_hard,30232,1,3,250,3,30232,4.55432,0.602105,1,1,1
unknown_random,30232,1,3,249,3,33994,456.036,2.46427e-95,0,-1,1
unknown_hard,30232,1,3,250,3,64849,41.0946,2.774e-07,0,-1,1
known_hard,30232,1,4,250,3,30232,8.13123,0.228646,1,1,1
unknown_random,30232,1,4,249,3,33994,430.734,6.86419e-90,0,-1,1
unknown_hard,30232,1,4,250,3,37095,50.0745,4.54218e-09,0,-1,1
known_hard,30232,1,5,250,3,30232,3.77269,0.707405,1,1,1
unknown_random,30232,1,5,249,3,33994,419.171,2.1082e-87,0,-1,1
unknown_hard,30232,1,5,250,3,64849,45.4743,3.76685e-08,0,-1,1
known_hard,30232,2,1,250,3,30232,5.98856,0.424472,1,1,1
unknown_random,30232,2,1,249,3,33994,97.6875,7.61721e-19,0,-1,1
unknown_hard,30232,2,1,250,3,37095,13.8762,0.0310496,1,-1,0
known_hard,30232,2,2,250,3,30232,7.47399,0.279225,1,1,1
unknown_random,30232,2,2,249,3,33994,126.049,8.72065e-25,0,-1,1
unknown_hard,30232,2,2,250,3,37095,12.3401,0.0547972,1,-1,0
known_hard,30232,2,3,250,3,30232,5.18987,0.519701,1,1,1
unknown_random,30232,2,3,249,3,33994,134.377,1.53769e-26,0,-1,1
unknown_hard,30232,2,3,250,3,37095,9.1583,0.164869,1,-1,0
known_hard,30232,2,4,250,3,30232,5.00183,0.543578,1,1,1
unknown_random,30232,2,4,249,3,33994,99.1163,3.83608e-19,0,-1,1
unknown_hard,30232,2,4,250,3,64849,14.7594,0.0222126,1,-1,0
known_hard,30232,2,5,250,3,30232,1.15347,0.97912,1,1,1
unknown_random,30232,2,5,249,3,33994,84.733,3.74954e-16,0,-1,1
unknown_hard,30232,2,5,250,3,64849,12.2857,0.0558908,1,-1,0
known_hard,30232,5,1,250,3,30232,10.0242,0.123637,1,1,1
unknown_random,30232,5,1,249,3,33994,19.9292,0.0028509,1,-1,0
unknown_hard,30232,5,1,250,3,64849,5.6003,0.469418,1,-1,0
known_hard,30232,5,2,250,3,30232,12.5993,0.0498598,1,1,1
unknown_random,30232,5,2,249,3,33994,27.9896,9.43862e-05,0,-1,1
unknown_hard,30232,5,2,250,3,2412,8.86293,0.181435,1,-1,0
known_hard,30232,5,3,250,3,56350,1.89924,0.928728,1,4,1
unknown_random,30232,5,3,249,3,33994,22.058,0.00118193,1,-1,0
unknown_hard,30232,5,3,250,3,29486,1.89131,0.929418,1,-1,0
known_hard,30232,5,4,250,3,37095,2.39128,0.880431,1,2,1
unknown_random,30232,5,4,249,3,33994,16.6679,0.0105843,1,-1,0
unknown_hard,30232,5,4,250,3,67962,3.4734,0.747505,1,-1,0
known_hard,30232,5,5,250,3,30232,1.74794,0.941361,1,1,1
unknown_random,30232,5,5,249,3,34121,15.016,0.0201324,1,-1,0
unknown_hard,30232,5,5,250,3,64849,20.1079,0.00264954,1,-1,0
known_hard,30232,10,1,250,3,2412,1.54009,0.956787,1,2,1
unknown_random,30232,10,1,249,3,33994,5.9321,0.430839,1,-1,0
unknown_hard,30232,10,1,250,3,30114,2.07493,0.91268,1,-1,0
known_hard,30232,10,2,250,3,30232,2.58443,0.858901,1,1,1
unknown_random,30232,10,2,249,3,33994,14.3699,0.0257659,1,-1,0
unknown_hard,30232,10,2,250,3,29486,0.860352,0.990357,1,-1,0
known_hard,30232,10,3,250,3,29486,1.8818,0.930242,1,3,1
unknown_random,30232,10,3,249,3,33994,9.73331,0.136341,1,-1,0
unknown_hard,30232,10,3,250,3,52145,5.00005,0.543807,1,-1,0
known_hard,30232,10,4,250,3,32136,1.40925,0.965293,1,21,1
unknown_random,30232,10,4,249,3,33994,5.47034,0.485049,1,-1,0
unknown_hard,30232,10,4,250,3,56350,3.37686,0.760274,1,-1,0
known_hard,30232,10,5,250,3,31480,3.38815,0.758786,1,24,1
unknown_random,30232,10,5,249,3,33994,13.1317,0.0409914,1,-1,0
unknown_hard,30232,10,5,250,3,64849,6.26518,0.394149,1,-1,0
known_hard,30232,15,1,250,3,31480,2.78747,0.83501,1,8,1
unknown_random,30232,15,1,249,3,34121,17.2612,0.00836991,1,-1,0
unknown_hard,30232,15,1,250,3,30008,7.62449,0.266924,1,-1,0
known_hard,30232,15,2,250,3,30008,1.57919,0.954062,1,40,1
unknown_random,30232,15,2,249,3,33994,6.57289,0.362156,1,-1,0
unknown_hard,30232,15,2,250,3,32136,7.43811,0.282223,1,-1,0
known_hard,30232,15,3,250,3,56350,4.57641,0.599169,1,6,1
unknown_random,30232,15,3,249,3,34121,13.8676,0.0311504,1,-1,0
unknown_hard,30232,15,3,250,3,48049,3.18553,0.785226,1,-1,0
known_hard,30232,15,4,250,3,64849,1.40209,0.965731,1,2,1
unknown_random,30232,15,4,249,3,34121,5.53039,0.477791,1,-1,0
unknown_hard,30232,15,4,250,3,56350,0.258397,0.999674,1,-1,0
known_hard,30232,15,5,250,3,68643,5.16057,0.52339,1,10,1
unknown_random,30232,15,5,249,3,35997,10.0522,0.122469,1,-1,0
unknown_hard,30232,15,5,250,3,54125,1.98882,0.920724,1,-1,0
known_hard,30232,20,1,250,3,55313,5.73518,0.453499,1,77,1
unknown_random,30232,20,1,249,3,34121,6.65383,0.35405,1,-1,0
unknown_hard,30232,20,1,250,3,33994,1.55887,0.955489,1,-1,0
known_hard,30232,20,2,250,3,48049,7.88324,0.246783,1,11,1
unknown_random,30232,20,2,249,3,33994,6.46133,0.373541,1,-1,0
unknown_hard,30232,20,2,250,3,68650,3.86732,0.694626,1,-1,0
known_hard,30232,20,3,250,3,32205,2.1027,0.910015,1,11,1
unknown_random,30232,20,3,249,3,34121,2.67433,0.84847,1,-1,0
unknown_hard,30232,20,3,250,3,59600,1.30533,0.971363,1,-1,0
known_hard,30232,20,4,250,3,55823,1.85599,0.932455,1,107,1
unknown_random,30232,20,4,249,3,40233,2.99924,0.808943,1,-1,0
unknown_hard,30232,20,4,250,3,67962,8.68332,0.192187,1,-1,0
known_hard,30232,20,5,250,3,67962,5.98776,0.424563,1,8,1
unknown_random,30232,20,5,249,3,34121,3.82683,0.700097,1,-1,0
unknown_hard,30232,20,5,250,3,32205,1.96059,0.923287,1,-1,0
known_hard,67741,0,1,250,3,67741,0,1,1,1,1
unknown_random,67741,0,1,249,3,34610,2.72319e+07,0,0,-1,1
unknown_hard,67741,0,1,250,3,66534,1.32032e+07,0,0,-1,1
known_hard,67741,0,2,250,3,67741,0,1,1,1,1
unknown_random,67741,0,2,249,3,34610,2.72319e+07,0,0,-1,1
unknown_hard,67741,0,2,250,3,66534,1.32032e+07,0,0,-1,1
known_hard,67741,0,3,250,3,67741,0,1,1,1,1
unknown_random,67741,0,3,249,3,34610,2.72319e+07,0,0,-1,1
unknown_hard,67741,0,3,250,3,66534,1.32032e+07,0,0,-1,1
known_hard,67741,0,4,250,3,67741,0,1,1,1,1
unknown_random,67741,0,4,249,3,34610,2.72319e+07,0,0,-1,1
unknown_hard,67741,0,4,250,3,66534,1.32032e+07,0,0,-1,1
known_hard,67741,0,5,250,3,67741,0,1,1,1,1
unknown_random,67741,0,5,249,3,34610,2.72319e+07,0,0,-1,1
unknown_hard,67741,0,5,250,3,66534,1.32032e+07,0,0,-1,1
known_hard,67741,0.05,1,250,3,67741,1.04998,0.983647,1,1,1
unknown_random,67741,0.05,1,249,3,34610,10983.2,0,0,-1,1
unknown_hard,67741,0.05,1,250,3,65378,5192.1,0,0,-1,1
known_hard,67741,0.05,2,250,3,67741,11.8183,0.0661478,1,1,1
unknown_random,67741,0.05,2,249,3,34610,10915,0,0,-1,1
unknown_hard,67741,0.05,2,250,3,66534,5162.13,0,0,-1,1
known_hard,67741,0.05,3,250,3,67741,10.7879,0.0951563,1,1,1
unknown_random,67741,0.05,3,249,3,34610,10905.4,0,0,-1,1
unknown_hard,67741,0.05,3,250,3,66534,5342.61,0,0,-1,1
known_hard,67741,0.05,4,250,3,67741,13.5102,0.0356132,1,1,1
unknown_random,67741,0.05,4,249,3,34610,10926.1,0,0,-1,1
unknown_hard,67741,0.05,4,250,3,66534,5179.51,0,0,-1,1
known_hard,67741,0.05,5,250,3,67741,4.91605,0.554624,1,1,1
unknown_random,67741,0.05,5,249,3,34610,10644.4,0,0,-1,1
unknown_hard,67741,0.05,5,250,3,65378,5223.95,0,0,-1,1
known_hard,67741,0.1,1,250,3,67741,4.70057,0.58275,1,1,1
unknown_random,67741,0.1,1,249,3,34610,2850.3,0,0,-1,1
unknown_hard,67741,0.1,1,250,3,66534,1313.16,1.53075e-280,0,-1,1
known_hard,67741,0.1,2,250,3,67741,1.65828,0.948296,1,1,1
unknown_random,67741,0.1,2,249,3,34610,2732.74,0,0,-1,1
unknown_hard,67741,0.1,2,250,3,66534,1292.13,5.48842e-276,0,-1,1
known_hard,67741,0.1,3,250,3,67741,3.4568,0.749708,1,1,1
unknown_random,67741,0.1,3,249,3,34610,2832.48,0,0,-1,1
unknown_hard,67741,0.1,3,250,3,66534,1364.88,9.73808e-292,0,-1,1
known_hard,67741,0.1,4,250,3,67741,8.20596,0.223399,1,1,1
unknown_random,67741,0.1,4,249,3,34610,2737.89,0,0,-1,1
unknown_hard,67741,0.1,4,250,3,66534,1311.73,3.12633e-280,0,-1,1
known_hard,67741,0.1,5,250,3,67741,4.94778,0.550528,1,1,1
unknown_random,67741,0.1,5,249,3,34610,2831.98,0,0,-1,1
unknown_hard,67741,0.1,5,250,3,66534,1469.3,2.38549e-314,0,-1,1
known_hard,67741,0.25,1,250,3,67741,8.82443,0.183696,1,1,1
unknown_random,67741,0.25,1,249,3,34610,386.103,2.71394e-80,0,-1,1
unknown_hard,67741,0.25,1,250,3,66534,179.446,4.4493e-36,0,-1,1
known_hard,67741,0.25,2,250,3,67741,3.77911,0.706539,1,1,1
unknown_random,67741,0.25,2,249,3,34610,485.265,1.25447e-101,0,-1,1
unknown_hard,67741,0.25,2,250,3,66534,206.808,6.73851e-42,0,-1,1
known_hard,67741,0.25,3,250,3,67741,3.04545,0.803121,1,1,1
unknown_random,67741,0.25,3,249,3,34610,486.797,5.86829e-102,0,-1,1
unknown_hard,67741,0.25,3,250,3,65378,193.509,4.56465e-39,0,-1,1
known_hard,67741,0.25,4,250,3,67741,3.0703,0.799973,1,1,1
unknown_random,67741,0.25,4,249,3,34610,387.229,1.55442e-80,0,-1,1
unknown_hard,67741,0.25,4,250,3,65378,197.935,5.21968e-40,0,-1,1
known_hard,67741,0.25,5,250,3,67741,8.12288,0.229238,1,1,1
unknown_random,67741,0.25,5,249,3,34610,378.599,1.11201e-78,0,-1,1
unknown_hard,67741,0.25,5,250,3,65378,191.307,1.3415e-38,0,-1,1
known_hard,67741,0.5,1,250,3,67741,4.07979,0.66588,1,1,1
unknown_random,67741,0.5,1,249,3,34610,101.947,9.84323e-20,0,-1,1
unknown_hard,67741,0.5,1,250,3,66534,37.1393,1.65413e-06,0,-1,1
known_hard,67741,0.5,2,250,3,67741,9.57632,0.143666,1,1,1
unknown_random,67741,0.5,2,249,3,34610,138.208,2.39408e-27,0,-1,1
unknown_hard,67741,0.5,2,250,3,58111,52.7056,1.34487e-09,0,-1,1
known_hard,67741,0.5,3,250,3,67741,7.53572,0.274128,1,1,1
unknown_random,67741,0.5,3,249,3,34610,127.715,3.89124e-25,0,-1,1
unknown_hard,67741,0.5,3,250,3,48095,69.8379,4.41404e-13,0,-1,1
known_hard,67741,0.5,4,250,3,67741,4.79135,0.570839,1,1,1
unknown_random,67741,0.5,4,249,3,34610,123.156,3.53956e-24,0,-1,1
unknown_hard,67741,0.5,4,250,3,66534,42.0076,1.83241e-07,0,-1,1
known_hard,67741,0.5,5,250,3,67741,2.86434,0.825671,1,1,1
unknown_random,67741,0.5,5,249,3,34610,110.355,1.71782e-21,0,-1,1
unknown_hard,67741,0.5,5,250,3,66534,37.2426,1.57918e-06,0,-1,1
known_hard,67741,1,1,250,3,67741,3.56855,0.734829,1,1,1
unknown_random,67741,1,1,249,3,34610,52.1413,1.74673e-09,0,-1,1
unknown_hard,67741,1,1,250,3,58111,14.9843,0.0203793,1,-1,0
known_hard,67741,1,2,250,3,67741,5.43317,0.48957,1,1,1
unknown_random,67741,1,2,249,3,34610,21.3773,0.00156906,1,-1,0
unknown_hard,67741,1,2,250,3,57401,24.0178,0.000518339,0,-1,1
known_hard,67741,1,3,250,3,67741,3.77149,0.707568,1,1,1
unknown_random,67741,1,3,249,3,34610,33.3543,8.96151e-06,0,-1,1
unknown_hard,67741,1,3,250,3,65378,23.7514,0.000580197,0,-1,1
known_hard,67741,1,4,250,3,67741,6.6064,0.358784,1,1,1
unknown_random,67741,1,4,249,3,34344,39.3253,6.17997e-07,0,-1,1
unknown_hard,67741,1,4,250,3,65378,12.802,0.04629,1,-1,0
known_hard,67741,1,5,250,3,67741,6.93427,0.326969,1,1,1
unknown_random,67741,1,5,249,3,34610,52.4778,1.49457e-09,0,-1,1
unknown_hard,67741,1,5,250,3,58111,7.12772,0.309197,1,-1,0
known_hard,67741,2,1,250,3,67741,5.68698,0.459152,1,1,1
unknown_random,67741,2,1,249,3,34610,9.50267,0.147219,1,-1,0
unknown_hard,67741,2,1,250,3,65378,2.76005,0.838304,1,-1,0
known_hard,67741,2,2,250,3,67741,5.56144,0.474063,1,1,1
unknown_random,67741,2,2,249,3,34610,8.31518,0.21591,1,-1,0
unknown_hard,67741,2,2,250,3,48095,5.4465,0.487946,1,-1,0
known_hard,67741,2,3,250,3,57447,0.760955,0.99308,1,12,1
unknown_random,67741,2,3,249,3,34610,9.49761,0.147466,1,-1,0
unknown_hard,67741,2,3,250,3,57401,14.2925,0.026534,1,-1,0
known_hard,67741,2,4,250,3,67741,3.4406,0.751855,1,1,1
unknown_random,67741,2,4,249,3,34344,9.53559,0.145621,1,-1,0
unknown_hard,67741,2,4,250,3,65378,9.05734,0.170379,1,-1,0
known_hard,67741,2,5,250,3,67741,8.45279,0.206771,1,1,1
unknown_random,67741,2,5,249,3,34610,7.8463,0.249582,1,-1,0
unknown_hard,67741,2,5,250,3,66534,3.96531,0.681371,1,-1,0
known_hard,67741,5,1,250,3,67569,1.68897,0.94597,1,25,1
unknown_random,67741,5,1,249,3,34344,2.60513,0.856521,1,-1,0
unknown_hard,67741,5,1,250,3,67569,1.97804,0.921707,1,-1,0
known_hard,67741,5,2,250,3,51832,3.37583,0.76041,1,33,1
unknown_random,67741,5,2,249,3,28051,6.9268,0.32767,1,-1,0
unknown_hard,67741,5,2,250,3,58111,1.34418,0.969166,1,-1,0
known_hard,67741,5,3,250,3,45772,8.74171,0.188633,1,19,1
unknown_random,67741,5,3,249,3,28051,7.9718,0.240177,1,-1,0
unknown_hard,67741,5,3,250,3,52656,4.20264,0.649274,1,-1,0
known_hard,67741,5,4,250,3,56770,3.4537,0.75012,1,11,1
unknown_random,67741,5,4,249,3,34610,2.99178,0.809878,1,-1,0
unknown_hard,67741,5,4,250,3,55345,4.09098,0.664366,1,-1,0
known_hard,67741,5,5,250,3,66297,4.22021,0.646904,1,27,1
unknown_random,67741,5,5,249,3,34344,7.13767,0.308303,1,-1,0
unknown_hard,67741,5,5,250,3,65282,4.01457,0.674705,1,-1,0
known_hard,67741,10,1,250,3,31895,4.45497,0.615354,1,11,1
unknown_random,67741,10,1,249,3,34610,1.71326,0.944093,1,-1,0
unknown_hard,67741,10,1,250,3,28051,5.46399,0.48582,1,-1,0
known_hard,67741,10,2,250,3,45088,2.26066,0.894233,1,18,1
unknown_random,67741,10,2,249,3,34610,4.85392,0.562681,1,-1,0
unknown_hard,67741,10,2,250,3,28051,6.84556,0.335366,1,-1,0
known_hard,67741,10,3,250,3,28051,6.95628,0.324909,1,24,1
unknown_random,67741,10,3,249,3,28051,1.12718,0.980329,1,-1,0
unknown_hard,67741,10,3,250,3,64872,0.703595,0.994413,1,-1,0
known_hard,67741,10,4,250,3,67741,1.87228,0.931062,1,1,1
unknown_random,67741,10,4,249,3,34610,1.41965,0.964652,1,-1,0
unknown_hard,67741,10,4,250,3,28051,3.67798,0.720159,1,-1,0
known_hard,67741,10,5,250,3,65667,2.09862,0.910408,1,74,1
unknown_random,67741,10,5,249,3,28051,4.56315,0.600931,1,-1,0
unknown_hard,67741,10,5,250,3,51832,3.13329,0.791942,1,-1,0
known_hard,67741,15,1,250,3,31895,2.17293,0.903126,1,15,1
unknown_random,67741,15,1,249,3,34062,1.75022,0.941179,1,-1,0
unknown_hard,67741,15,1,250,3,31558,4.24879,0.643048,1,-1,0
known_hard,67741,15,2,250,3,49433,6.90567,0.329659,1,93,1
unknown_random,67741,15,2,249,3,34062,5.52545,0.478386,1,-1,0
unknown_hard,67741,15,2,250,3,68600,5.37874,0.496232,1,-1,0
known_hard,67741,15,3,250,3,62181,6.33198,0.387047,1,107,1
unknown_random,67741,15,3,249,3,51832,2.83632,0.829092,1,-1,0
unknown_hard,67741,15,3,250,3,49399,1.70203,0.944965,1,-1,0
known_hard,67741,15,4,250,3,63183,1.75461,0.940828,1,44,1
unknown_random,67741,15,4,249,3,34344,2.2879,0.89141,1,-1,0
unknown_hard,67741,15,4,250,3,33711,4.84662,0.56363,1,-1,0
known_hard,67741,15,5,250,3,31895,1.41082,0.965197,1,59,1
unknown_random,67741,15,5,249,3,34344,3.99339,0.677571,1,-1,0
unknown_hard,67741,15,5,250,3,57401,1.67013,0.947404,1,-1,0
known_hard,67741,20,1,250,3,58022,11.9775,0.0624721,1,121,1
unknown_random,67741,20,1,249,3,2389,6.16118,0.405379,1,-1,0
unknown_hard,67741,20,1,250,3,58022,1.89824,0.928815,1,-1,0
known_hard,67741,20,2,250,3,47290,1.79942,0.937191,1,62,1
unknown_random,67741,20,2,249,3,28051,8.78795,0.18586,1,-1,0
unknown_hard,67741,20,2,250,3,49399,2.38322,0.881302,1,-1,0
known_hard,67741,20,3,250,3,66262,2.14443,0.905947,1,117,1
unknown_random,67741,20,3,249,3,34610,3.11247,0.794605,1,-1,0
unknown_hard,67741,20,3,250,3,68686,3.02313,0.805938,1,-1,0
known_hard,67741,20,4,250,3,65223,4.85761,0.562201,1,113,1
unknown_random,67741,20,4,249,3,28051,2.12085,0.908255,1,-1,0
unknown_hard,67741,20,4,250,3,30555,6.59507,0.359921,1,-1,0
known_hard,67741,20,5,250,3,65667,5.17801,0.521193,1,77,1
unknown_random,67741,20,5,249,3,34302,9.81162,0.132813,1,-1,0
unknown_hard,67741,20,5,250,3,67872,12.0135,0.0616677,1,-1,0
known_hard,66160,0,1,250,3,66160,0,1,1,1,1
unknown_random,66160,0,1,249,3,36559,8.73446e+07,0,0,-1,1
unknown_hard,66160,0,1,250,3,56125,2.9681e+06,0,0,-1,1
known_hard,66160,0,2,250,3,66160,0,1,1,1,1
unknown_random,66160,0,2,249,3,36559,8.73446e+07,0,0,-1,1
unknown_hard,66160,0,2,250,3,56125,2.9681e+06,0,0,-1,1
known_hard,66160,0,3,250,3,66160,0,1,1,1,1
unknown_random,66160,0,3,249,3,36559,8.73446e+07,0,0,-1,1
unknown_hard,66160,0,3,250,3,56125,2.9681e+06,0,0,-1,1
known_hard,66160,0,4,250,3,66160,0,1,1,1,1
unknown_random,66160,0,4,249,3,36559,8.73446e+07,0,0,-1,1
unknown_hard,66160,0,4,250,3,56125,2.9681e+06,0,0,-1,1
known_hard,66160,0,5,250,3,66160,0,1,1,1,1
unknown_random,66160,0,5,249,3,36559,8.73446e+07,0,0,-1,1
unknown_hard,66160,0,5,250,3,56125,2.9681e+06,0,0,-1,1
known_hard,66160,0.05,1,250,3,66160,4.08986,0.664517,1,1,1
unknown_random,66160,0.05,1,249,3,36559,35049.2,0,0,-1,1
unknown_hard,66160,0.05,1,250,3,56125,1082.46,1.30039e-230,0,-1,1
known_hard,66160,0.05,2,250,3,66160,5.20351,0.517988,1,1,1
unknown_random,66160,0.05,2,249,3,36559,35570.7,0,0,-1,1
unknown_hard,66160,0.05,2,250,3,56125,1212.11,1.14616e-258,0,-1,1
known_hard,66160,0.05,3,250,3,66160,8.34126,0.214152,1,1,1
unknown_random,66160,0.05,3,249,3,36559,34529.8,0,0,-1,1
unknown_hard,66160,0.05,3,250,3,56125,1122.39,2.99098e-239,0,-1,1
known_hard,66160,0.05,4,250,3,66160,6.25669,0.395058,1,1,1
unknown_random,66160,0.05,4,249,3,36559,35040.5,0,0,-1,1
unknown_hard,66160,0.05,4,250,3,56125,1297.1,4.59072e-277,0,-1,1
known_hard,66160,0.05,5,250,3,66160,4.34194,0.630508,1,1,1
unknown_random,66160,0.05,5,249,3,36559,34865.7,0,0,-1,1
unknown_hard,66160,0.05,5,250,3,56125,1177.69,3.23064e-251,0,-1,1
known_hard,66160,0.1,1,250,3,66160,8.9841,0.174474,1,1,1
unknown_random,66160,0.1,1,249,3,36559,8625.16,0,0,-1,1
unknown_hard,66160,0.1,1,250,3,56125,254.569,4.32838e-52,0,-1,1
known_hard,66160,0.1,2,250,3,66160,5.46082,0.486205,1,1,1
unknown_random,66160,0.1,2,249,3,36559,8848.52,0,0,-1,1
unknown_hard,66160,0.1,2,250,3,56306,290.468,9.00987e-60,0,-1,1
known_hard,66160,0.1,3,250,3,66160,7.5249,0.275016,1,1,1
unknown_random,66160,0.1,3,249,3,36559,8753.73,0,0,-1,1
unknown_hard,66160,0.1,3,250,3,56306,300.412,6.67455e-62,0,-1,1
known_hard,66160,0.1,4,250,3,66160,5.40564,0.492934,1,1,1
unknown_random,66160,0.1,4,249,3,36559,8604.34,0,0,-1,1
unknown_hard,66160,0.1,4,250,3,56125,284.09,2.09175e-58,0,-1,1
known_hard,66160,0.1,5,250,3,66160,1.77416,0.939254,1,1,1
unknown_random,66160,0.1,5,249,3,36559,8835.67,0,0,-1,1
unknown_hard,66160,0.1,5,250,3,56306,301.566,3.77666e-62,0,-1,1
known_hard,66160,0.25,1,250,3,66160,5.09165,0.532113,1,1,1
unknown_random,66160,0.25,1,249,3,36559,1296.18,7.26803e-277,0,-1,1
unknown_hard,66160,0.25,1,250,3,56125,46.3665,2.50256e-08,0,-1,1
known_hard,66160,0.25,2,250,3,66160,3.67867,0.720066,1,1,1
unknown_random,66160,0.25,2,249,3,36559,1374.66,7.43717e-294,0,-1,1
unknown_hard,66160,0.25,2,250,3,56306,49.582,5.70126e-09,0,-1,1
known_hard,66160,0.25,3,250,3,66160,1.44624,0.962985,1,1,1
unknown_random,66160,0.25,3,249,3,36559,1227.52,5.28777e-262,0,-1,1
unknown_hard,66160,0.25,3,250,3,56306,48.2273,1.06425e-08,0,-1,1
known_hard,66160,0.25,4,250,3,66160,6.07513,0.414827,1,1,1
unknown_random,66160,0.25,4,249,3,36559,1421.49,5.37947e-304,0,-1,1
unknown_hard,66160,0.25,4,250,3,56306,42.0634,1.78652e-07,0,-1,1
known_hard,66160,0.25,5,250,3,66160,3.09313,0.797071,1,1,1
unknown_random,66160,0.25,5,249,3,36559,1389.75,4.01922e-297,0,-1,1
unknown_hard,66160,0.25,5,250,3,56125,32.9278,1.08265e-05,0,-1,1
known_hard,66160,0.5,1,250,3,66160,9.7487,0.135642,1,1,1
unknown_random,66160,0.5,1,249,3,36559,331.778,1.25644e-68,0,-1,1
unknown_hard,66160,0.5,1,250,3,46687,8.74486,0.188443,1,-1,0
known_hard,66160,0.5,2,250,3,56125,9.37073,0.153777,1,2,1
unknown_random,66160,0.5,2,249,3,36559,337.397,7.82726e-70,0,-1,1
unknown_hard,66160,0.5,2,250,3,56125,11.2906,0.0797999,1,-1,0
known_hard,66160,0.5,3,250,3,66160,4.04554,0.670514,1,1,1
unknown_random,66160,0.5,3,249,3,36559,376.265,3.52933e-78,0,-1,1
unknown_hard,66160,0.5,3,250,3,56306,12.0065,0.0618247,1,-1,0
known_hard,66160,0.5,4,250,3,66160,2.82533,0.830429,1,1,1
unknown_random,66160,0.5,4,249,3,36559,373.578,1.33325e-77,0,-1,1
unknown_hard,66160,0.5,4,250,3,56125,11.1829,0.0828845,1,-1,0
known_hard,66160,0.5,5,250,3,66160,8.16089,0.226552,1,1,1
unknown_random,66160,0.5,5,249,3,36559,353.645,2.54592e-73,0,-1,1
unknown_hard,66160,0.5,5,250,3,56306,8.85232,0.182055,1,-1,0
known_hard,66160,1,1,250,3,46687,1.90265,0.92843,1,3,1
unknown_random,66160,1,1,249,3,36559,104.221,3.29701e-20,0,-1,1
unknown_hard,66160,1,1,250,3,46687,4.22452,0.646322,1,-1,0
known_hard,66160,1,2,250,3,56125,1.67858,0.946763,1,3,1
unknown_random,66160,1,2,249,3,36559,97.2671,9.3199e-19,0,-1,1
unknown_hard,66160,1,2,250,3,56306,3.0511,0.802407,1,-1,0
known_hard,66160,1,3,250,3,56306,4.5607,0.601256,1,2,1
unknown_random,66160,1,3,249,3,36559,78.985,5.78904e-15,0,-1,1
unknown_hard,66160,1,3,250,3,46687,4.52349,0.606207,1,-1,0
known_hard,66160,1,4,250,3,62469,6.55097,0.364373,1,4,1
unknown_random,66160,1,4,249,3,36559,75.6015,2.88592e-14,0,-1,1
unknown_hard,66160,1,4,250,3,61633,3.23822,0.778408,1,-1,0
known_hard,66160,1,5,250,3,46687,4.78518,0.571647,1,3,1
unknown_random,66160,1,5,249,3,36559,94.6528,3.26537e-18,0,-1,1
unknown_hard,66160,1,5,250,3,56125,5.47866,0.48404,1,-1,0
known_hard,66160,2,1,250,3,66160,5.2867,0.507602,1,1,1
unknown_random,66160,2,1,249,3,36559,37.2988,1.53978e-06,0,-1,1
unknown_hard,66160,2,1,250,3,56125,4.16861,0.653871,1,-1,0
known_hard,66160,2,2,250,3,28158,2.30397,0.88973,1,11,1
unknown_random,66160,2,2,249,3,36559,19.4626,0.00344967,1,-1,0
unknown_hard,66160,2,2,250,3,64079,1.88404,0.930048,1,-1,0
known_hard,66160,2,3,250,3,61633,0.883312,0.989652,1,8,1
unknown_random,66160,2,3,249,3,36559,17.6636,0.00713033,1,-1,0
unknown_hard,66160,2,3,250,3,46687,2.73612,0.841162,1,-1,0
known_hard,66160,2,4,250,3,68505,5.43655,0.489159,1,7,1
unknown_random,66160,2,4,249,3,36559,26.926,0.000149505,0,-1,1
unknown_hard,66160,2,4,250,3,68505,3.20859,0.782247,1,-1,0
known_hard,66160,2,5,250,3,62469,4.74743,0.576591,1,7,1
unknown_random,66160,2,5,249,3,36559,13.1585,0.0405873,1,-1,0
unknown_hard,66160,2,5,250,3,56125,5.31014,0.504694,1,-1,0
known_hard,66160,5,1,250,3,60402,2.55526,0.862233,1,35,1
unknown_random,66160,5,1,249,3,36559,2.23324,0.897047,1,-1,0
unknown_hard,66160,5,1,250,3,56125,4.6452,0.590055,1,-1,0
known_hard,66160,5,2,250,3,28158,1.96158,0.923198,1,27,1
unknown_random,66160,5,2,249,3,36559,9.09063,0.168545,1,-1,0
unknown_hard,66160,5,2,250,3,61212,1.80779,0.9365,1,-1,0
known_hard,66160,5,3,250,3,68935,4.11248,0.661458,1,70,1
unknown_random,66160,5,3,249,3,36559,3.69258,0.718196,1,-1,0
unknown_hard,66160,5,3,250,3,58597,3.57429,0.73406,1,-1,0
known_hard,66160,5,4,250,3,43622,1.05024,0.983636,1,27,1
unknown_random,66160,5,4,249,3,36559,9.50436,0.147137,1,-1,0
unknown_hard,66160,5,4,250,3,52469,5.24955,0.512228,1,-1,0
known_hard,66160,5,5,250,3,49732,4.51963,0.606722,1,39,1
unknown_random,66160,5,5,249,3,36559,12.5262,0.0512075,1,-1,0
unknown_hard,66160,5,5,250,3,68505,5.76879,0.449582,1,-1,0
known_hard,66160,10,1,250,3,31235,6.42779,0.377011,1,91,1
unknown_random,66160,10,1,249,3,36559,6.2044,0.400687,1,-1,0
unknown_hard,66160,10,1,250,3,40874,6.37472,0.382548,1,-1,0
known_hard,66160,10,2,250,3,65143,5.82449,0.443135,1,106,1
unknown_random,66160,10,2,249,3,36559,7.45212,0.281049,1,-1,0
unknown_hard,66160,10,2,250,3,59100,2.51702,0.866558,1,-1,0
known_hard,66160,10,3,250,3,40384,4.65511,0.588745,1,100,1
unknown_random,66160,10,3,249,3,36559,7.33626,0.290866,1,-1,0
unknown_hard,66160,10,3,250,3,53577,4.59188,0.597115,1,-1,0
known_hard,66160,10,4,250,3,49148,9.33392,0.155651,1,75,1
unknown_random,66160,10,4,249,3,36559,7.85057,0.249256,1,-1,0
unknown_hard,66160,10,4,250,3,66166,6.06412,0.416046,1,-1,0
known_hard,66160,10,5,250,3,59129,1.81733,0.935708,1,91,1
unknown_random,66160,10,5,249,3,36559,5.85589,0.439526,1,-1,0
unknown_hard,66160,10,5,250,3,64188,10.0184,0.123879,1,-1,0
known_hard,66160,15,1,250,3,64060,4.77464,0.573025,1,99,1
unknown_random,66160,15,1,249,3,36559,1.89763,0.928869,1,-1,0
unknown_hard,66160,15,1,250,3,31384,4.14251,0.657397,1,-1,0
known_hard,66160,15,2,250,3,68442,1.86925,0.931322,1,59,1
unknown_random,66160,15,2,249,3,36528,9.27541,0.158671,1,-1,0
unknown_hard,66160,15,2,250,3,68799,5.03751,0.539011,1,-1,0
known_hard,66160,15,3,250,3,60728,11.738,0.0680755,1,80,1
unknown_random,66160,15,3,249,3,36528,6.75092,0.344497,1,-1,0
unknown_hard,66160,15,3,250,3,31235,4.18744,0.651327,1,-1,0
known_hard,66160,15,4,250,3,64736,1.10522,0.981307,1,94,1
unknown_random,66160,15,4,249,3,36528,4.37573,0.62597,1,-1,0
unknown_hard,66160,15,4,250,3,65210,2.40729,0.878696,1,-1,0
known_hard,66160,15,5,250,3,64060,3.19298,0.784265,1,99,1
unknown_random,66160,15,5,249,3,36559,1.00923,0.98526,1,-1,0
unknown_hard,66160,15,5,250,3,49771,4.67792,0.585735,1,-1,0
known_hard,66160,20,1,250,3,52663,2.33759,0.886183,1,80,1
unknown_random,66160,20,1,249,3,36559,2.50513,0.867893,1,-1,0
unknown_hard,66160,20,1,250,3,31235,8.82336,0.183759,1,-1,0
known_hard,66160,20,2,250,3,56125,0.657583,0.995361,1,3,1
unknown_random,66160,20,2,249,3,35611,4.04648,0.670387,1,-1,0
unknown_hard,66160,20,2,250,3,56823,7.13803,0.308271,1,-1,0
known_hard,66160,20,3,250,3,31342,7.52424,0.27507,1,98,1
unknown_random,66160,20,3,249,3,36559,2.38688,0.880906,1,-1,0
unknown_hard,66160,20,3,250,3,31384,7.46416,0.280044,1,-1,0
known_hard,66160,20,4,250,3,40874,0.861043,0.990336,1,94,1
unknown_random,66160,20,4,249,3,15362,1.25151,0.974264,1,-1,0
unknown_hard,66160,20,4,250,3,48440,2.11186,0.909128,1,-1,0
known_hard,66160,20,5,250,3,66156,5.64883,0.463654,1,67,1
unknown_random,66160,20,5,249,3,35611,2.65627,0.850585,1,-1,0
unknown_hard,66160,20,5,250,3,32137,5.64451,0.464166,1,-1,0
known_hard,64423,0,1,250,3,64423,0,1,1,1,1
unknown_random,64423,0,1,249,3,34962,4.57709e+06,0,0,-1,1
unknown_hard,64423,0,1,250,3,47874,161308,0,0,-1,1
known_hard,64423,0,2,250,3,64423,0,1,1,1,1
unknown_random,64423,0,2,249,3,34962,4.57709e+06,0,0,-1,1
unknown_hard,64423,0,2,250,3,47874,161308,0,0,-1,1
known_hard,64423,0,3,250,3,64423,0,1,1,1,1
unknown_random,64423,0,3,249,3,34962,4.57709e+06,0,0,-1,1
unknown_hard,64423,0,3,250,3,47874,161308,0,0,-1,1
known_hard,64423,0,4,250,3,64423,0,1,1,1,1
unknown_random,64423,0,4,249,3,34962,4.57709e+06,0,0,-1,1
unknown_hard,64423,0,4,250,3,47874,161308,0,0,-1,1
known_hard,64423,0,5,250,3,64423,0,1,1,1,1
unknown_random,64423,0,5,249,3,34962,4.57709e+06,0,0,-1,1
unknown_hard,64423,0,5,250,3,47874,161308,0,0,-1,1
known_hard,64423,0.05,1,250,3,64423,5.27645,0.508877,1,1,1
unknown_random,64423,0.05,1,249,3,34962,1698.56,0,0,-1,1
unknown_hard,64423,0.05,1,250,3,47874,92.7536,8.11172e-18,0,-1,1
known_hard,64423,0.05,2,250,3,64423,1.76987,0.939601,1,1,1
unknown_random,64423,0.05,2,249,3,34962,1942.32,0,0,-1,1
unknown_hard,64423,0.05,2,250,3,47874,75.2295,3.44267e-14,0,-1,1
known_hard,64423,0.05,3,250,3,64423,1.32831,0.970074,1,1,1
unknown_random,64423,0.05,3,249,3,34962,1727.72,0,0,-1,1
unknown_hard,64423,0.05,3,250,3,47874,75.4471,3.10508e-14,0,-1,1
known_hard,64423,0.05,4,250,3,64423,13.1284,0.0410412,1,1,1
unknown_random,64423,0.05,4,249,3,34962,1789.1,0,0,-1,1
unknown_hard,64423,0.05,4,250,3,47874,59.8496,4.82916e-11,0,-1,1
known_hard,64423,0.05,5,250,3,64423,1.97804,0.921708,1,1,1
unknown_random,64423,0.05,5,249,3,34962,1728.42,0,0,-1,1
unknown_hard,64423,0.05,5,250,3,47874,66.5787,2.05244e-12,0,-1,1
known_hard,64423,0.1,1,250,3,47874,3.61405,0.728739,1,2,1
unknown_random,64423,0.1,1,249,3,34962,500.414,6.84623e-105,0,-1,1
unknown_hard,64423,0.1,1,250,3,47874,27.9165,9.74253e-05,0,-1,1
known_hard,64423,0.1,2,250,3,64423,5.44209,0.488483,1,1,1
unknown_random,64423,0.1,2,249,3,34962,469.624,2.92751e-98,0,-1,1
unknown_hard,64423,0.1,2,250,3,47874,25.5552,0.000269376,0,-1,1
known_hard,64423,0.1,3,250,3,64423,7.08066,0.313453,1,1,1
unknown_random,64423,0.1,3,249,3,34962,395.566,2.51009e-82,0,-1,1
unknown_hard,64423,0.1,3,250,3,47874,27.5056,0.000116399,0,-1,1
known_hard,64423,0.1,4,250,3,64423,8.80932,0.184589,1,1,1
unknown_random,64423,0.1,4,249,3,34962,417.799,4.16097e-87,0,-1,1
unknown_hard,64423,0.1,4,250,3,47874,33.9541,6.86606e-06,0,-1,1
known_hard,64423,0.1,5,250,3,64423,8.57037,0.199221,1,1,1
unknown_random,64423,0.1,5,249,3,34962,485.777,9.73124e-102,0,-1,1
unknown_hard,64423,0.1,5,250,3,47874,18.8737,0.00438237,1,-1,0
known_hard,64423,0.25,1,250,3,64423,3.82554,0.700271,1,1,1
unknown_random,64423,0.25,1,249,3,34962,74.1487,5.74581e-14,0,-1,1
unknown_hard,64423,0.25,1,250,3,47874,22.6131,0.000936968,0,-1,1
known_hard,64423,0.25,2,250,3,64423,7.9699,0.240317,1,1,1
unknown_random,64423,0.25,2,249,3,34962,91.9437,1.19543e-17,0,-1,1
unknown_hard,64423,0.25,2,250,3,47874,2.82241,0.830783,1,-1,0
known_hard,64423,0.25,3,250,3,47874,4.60007,0.59603,1,2,1
unknown_random,64423,0.25,3,249,3,34962,79.953,3.65362e-15,0,-1,1
unknown_hard,64423,0.25,3,250,3,47874,4.92333,0.553684,1,-1,0
known_hard,64423,0.25,4,250,3,64423,1.89829,0.928811,1,1,1
unknown_random,64423,0.25,4,249,3,34962,84.3122,4.58267e-16,0,-1,1
unknown_hard,64423,0.25,4,250,3,47874,7.05519,0.315774,1,-1,0
known_hard,64423,0.25,5,250,3,64423,4.02911,0.672737,1,1,1
unknown_random,64423,0.25,5,249,3,34962,63.6614,8.09171e-12,0,-1,1
unknown_hard,64423,0.25,5,250,3,47874,12.4114,0.0533959,1,-1,0
known_hard,64423,0.5,1,250,3,64423,2.08735,0.911492,1,1,1
unknown_random,64423,0.5,1,249,3,34962,29.4714,4.95284e-05,0,-1,1
unknown_hard,64423,0.5,1,250,3,47874,4.90659,0.555849,1,-1,0
known_hard,64423,0.5,2,250,3,64423,6.57216,0.36223,1,1,1
unknown_random,64423,0.5,2,249,3,34962,44.8664,4.97512e-08,0,-1,1
unknown_hard,64423,0.5,2,250,3,47874,3.26581,0.774821,1,-1,0
known_hard,64423,0.5,3,250,3,68125,6.75591,0.344011,1,4,1
unknown_random,64423,0.5,3,249,3,34962,23.7555,0.000579196,0,-1,1
unknown_hard,64423,0.5,3,250,3,47874,8.99927,0.173619,1,-1,0
known_hard,64423,0.5,4,250,3,64423,9.1572,0.164928,1,1,1
unknown_random,64423,0.5,4,249,3,34962,41.3217,2.50237e-07,0,-1,1
unknown_hard,64423,0.5,4,250,3,47874,4.91115,0.555258,1,-1,0
known_hard,64423,0.5,5,250,3,64423,5.43561,0.489273,1,1,1
unknown_random,64423,0.5,5,249,3,34962,26.9913,0.000145353,0,-1,1
unknown_hard,64423,0.5,5,250,3,57879,3.46574,0.748522,1,-1,0
known_hard,64423,1,1,250,3,47874,7.35277,0.289452,1,3,1
unknown_random,64423,1,1,249,3,34962,2.93346,0.817151,1,-1,0
unknown_hard,64423,1,1,250,3,60445,1.06091,0.983197,1,-1,0
known_hard,64423,1,2,250,3,34962,1.86648,0.931559,1,6,1
unknown_random,64423,1,2,249,3,34962,16.5412,0.0111258,1,-1,0
unknown_hard,64423,1,2,250,3,57879,4.86222,0.561602,1,-1,0
known_hard,64423,1,3,250,3,64423,3.31972,0.76778,1,1,1
unknown_random,64423,1,3,249,3,34962,5.54696,0.475799,1,-1,0
unknown_hard,64423,1,3,250,3,60445,5.19775,0.518712,1,-1,0
known_hard,64423,1,4,250,3,48800,4.63159,0.591855,1,3,1
unknown_random,64423,1,4,249,3,34962,4.63462,0.591454,1,-1,0
unknown_hard,64423,1,4,250,3,40018,3.76196,0.708852,1,-1,0
known_hard,64423,1,5,250,3,64423,4.85325,0.562768,1,1,1
unknown_random,64423,1,5,249,3,34962,9.07346,0.169489,1,-1,0
unknown_hard,64423,1,5,250,3,47874,1.5777,0.954167,1,-1,0
known_hard,64423,2,1,250,3,62801,3.45679,0.749709,1,7,1
unknown_random,64423,2,1,249,3,34962,8.4061,0.209835,1,-1,0
unknown_hard,64423,2,1,250,3,22195,3.93756,0.685126,1,-1,0
known_hard,64423,2,2,250,3,68125,2.45992,0.872927,1,3,1
unknown_random,64423,2,2,249,3,34962,1.17201,0.978245,1,-1,0
unknown_hard,64423,2,2,250,3,22195,3.06991,0.800023,1,-1,0
known_hard,64423,2,3,250,3,59123,4.01296,0.674923,1,5,1
unknown_random,64423,2,3,249,3,34962,9.5316,0.145814,1,-1,0
unknown_hard,64423,2,3,250,3,34962,3.83673,0.698761,1,-1,0
known_hard,64423,2,4,250,3,48800,1.32628,0.970189,1,12,1
unknown_random,64423,2,4,249,3,34962,4.74413,0.577024,1,-1,0
unknown_hard,64423,2,4,250,3,59123,12.0741,0.0603357,1,-1,0
known_hard,64423,2,5,250,3,68125,1.69817,0.945262,1,4,1
unknown_random,64423,2,5,249,3,34962,1.9776,0.921747,1,-1,0
unknown_hard,64423,2,5,250,3,57879,1.89863,0.928781,1,-1,0
known_hard,64423,5,1,250,3,68125,9.60677,0.142218,1,8,1
unknown_random,64423,5,1,249,3,34962,5.07334,0.534442,1,-1,0
unknown_hard,64423,5,1,250,3,31005,10.2233,0.115559,1,-1,0
known_hard,64423,5,2,250,3,41019,2.57441,0.860049,1,17,1
unknown_random,64423,5,2,249,3,34962,8.25361,0.220106,1,-1,0
unknown_hard,64423,5,2,250,3,56070,3.49591,0.744513,1,-1,0
known_hard,64423,5,3,250,3,68125,2.29233,0.890947,1,11,1
unknown_random,64423,5,3,249,3,34962,4.01368,0.674825,1,-1,0
unknown_hard,64423,5,3,250,3,56071,8.6842,0.192133,1,-1,0
known_hard,64423,5,4,250,3,68387,3.38872,0.758711,1,35,1
unknown_random,64423,5,4,249,3,34962,5.01293,0.542156,1,-1,0
unknown_hard,64423,5,4,250,3,61549,2.13025,0.907338,1,-1,0
known_hard,64423,5,5,250,3,63787,1.01332,0.985102,1,51,1
unknown_random,64423,5,5,249,3,34962,1.46376,0.961866,1,-1,0
unknown_hard,64423,5,5,250,3,36173,3.97055,0.680662,1,-1,0
known_hard,64423,10,1,250,3,62487,1.6581,0.94831,1,20,1
unknown_random,64423,10,1,249,3,34962,2.76233,0.83803,1,-1,0
unknown_hard,64423,10,1,250,3,58157,1.78149,0.938658,1,-1,0
known_hard,64423,10,2,250,3,68875,6.55278,0.36419,1,67,1
unknown_random,64423,10,2,249,3,34962,5.37717,0.496425,1,-1,0
unknown_hard,64423,10,2,250,3,62801,0.901887,0.98906,1,-1,0
known_hard,64423,10,3,250,3,31089,0.417748,0.9987,1,92,1
unknown_random,64423,10,3,249,3,34962,2.01175,0.918615,1,-1,0
unknown_hard,64423,10,3,250,3,46725,4.69799,0.58309,1,-1,0
known_hard,64423,10,4,250,3,63707,5.56245,0.473941,1,59,1
unknown_random,64423,10,4,249,3,34962,7.30355,0.293685,1,-1,0
unknown_hard,64423,10,4,250,3,30632,2.02647,0.917249,1,-1,0
known_hard,64423,10,5,250,3,56013,5.8013,0.445813,1,59,1
unknown_random,64423,10,5,249,3,34962,4.87739,0.559632,1,-1,0
unknown_hard,64423,10,5,250,3,46725,4.43273,0.618329,1,-1,0
known_hard,64423,15,1,250,3,58072,9.98289,0.125375,1,117,1
unknown_random,64423,15,1,249,3,33832,2.9212,0.81867,1,-1,0
unknown_hard,64423,15,1,250,3,31816,5.43319,0.489568,1,-1,0
known_hard,64423,15,2,250,3,60089,2.60557,0.856471,1,120,1
unknown_random,64423,15,2,249,3,34962,4.32834,0.632337,1,-1,0
unknown_hard,64423,15,2,250,3,62480,4.98411,0.545852,1,-1,0
known_hard,64423,15,3,250,3,59035,4.26446,0.640936,1,129,1
unknown_random,64423,15,3,249,3,34962,3.40895,0.756041,1,-1,0
unknown_hard,64423,15,3,250,3,68122,1.2476,0.974468,1,-1,0
known_hard,64423,15,4,250,3,67788,3.32076,0.767644,1,78,1
unknown_random,64423,15,4,249,3,34962,4.49248,0.610343,1,-1,0
unknown_hard,64423,15,4,250,3,39547,8.92895,0.177613,1,-1,0
known_hard,64423,15,5,250,3,63717,1.1175,0.980763,1,84,1
unknown_random,64423,15,5,249,3,33832,2.29677,0.890483,1,-1,0
unknown_hard,64423,15,5,250,3,46396,1.90854,0.927915,1,-1,0
known_hard,64423,20,1,250,3,58677,8.54468,0.20085,1,99,1
unknown_random,64423,20,1,249,3,34750,5.83258,0.442204,1,-1,0
unknown_hard,64423,20,1,250,3,31816,4.73922,0.577669,1,-1,0
known_hard,64423,20,2,250,3,60089,4.44563,0.616603,1,122,1
unknown_random,64423,20,2,249,3,34962,2.51146,0.867182,1,-1,0
unknown_hard,64423,20,2,250,3,51958,8.37804,0.211694,1,-1,0
known_hard,64423,20,3,250,3,62480,8.41475,0.209265,1,128,1
unknown_random,64423,20,3,249,3,33832,3.8379,0.698602,1,-1,0
unknown_hard,64423,20,3,250,3,31427,1.94919,0.924312,1,-1,0
known_hard,64423,20,4,250,3,67785,5.75068,0.451691,1,94,1
unknown_random,64423,20,4,249,3,35469,0.963358,0.986963,1,-1,0
unknown_hard,64423,20,4,250,3,66359,1.54821,0.956228,1,-1,0
known_hard,64423,20,5,250,3,35465,2.66941,0.849047,1,91,1
unknown_random,64423,20,5,249,3,34059,5.28085,0.508329,1,-1,0
unknown_hard,64423,20,5,250,3,55399,7.04001,0.317163,1,-1,0
