orbit_type,target_norad,target_name,mean_motion_rev_day,inclination_deg,eccentricity,catalog_size,sigma_deg,trial,observation_count,target_rank,target_chi2,best_chi2,best_fit_p_value,best_gap_chi2,top1_norad,top1_correct,top3_contains_target,top10_contains_target,runtime_us,runtime_ms
LEO,39471,"CP8 (IPEX)              ",15.0764,120.464,0.0159199,500,0,1,10,1,9.14921e-05,9.14921e-05,1,3.50873e+07,39471,1,1,1,23785,23.785
LEO,39471,"CP8 (IPEX)              ",15.0764,120.464,0.0159199,500,0,2,10,1,9.14921e-05,9.14921e-05,1,3.50873e+07,39471,1,1,1,1285,1.285
LEO,39471,"CP8 (IPEX)              ",15.0764,120.464,0.0159199,500,0,3,10,1,9.14921e-05,9.14921e-05,1,3.50873e+07,39471,1,1,1,2004,2.004
LEO,39471,"CP8 (IPEX)              ",15.0764,120.464,0.0159199,500,0,4,10,1,9.14921e-05,9.14921e-05,1,3.50873e+07,39471,1,1,1,1767,1.767
LEO,39471,"CP8 (IPEX)              ",15.0764,120.464,0.0159199,500,0,5,10,1,9.14921e-05,9.14921e-05,1,3.50873e+07,39471,1,1,1,3083,3.083
LEO,39471,"CP8 (IPEX)              ",15.0764,120.464,0.0159199,500,0.05,1,10,1,40.3882,40.3882,0.365204,14241.2,39471,1,1,1,1581,1.581
LEO,39471,"CP8 (IPEX)              ",15.0764,120.464,0.0159199,500,0.05,2,10,1,41.4068,41.4068,0.324305,13700,39471,1,1,1,1409,1.409
LEO,39471,"CP8 (IPEX)              ",15.0764,120.464,0.0159199,500,0.05,3,10,1,25.3586,25.3586,0.942125,13902.2,39471,1,1,1,2149,2.149
LEO,39471,"CP8 (IPEX)              ",15.0764,120.464,0.0159199,500,0.05,4,10,1,35.1719,35.1719,0.600938,13855,39471,1,1,1,3439,3.439
LEO,39471,"CP8 (IPEX)              ",15.0764,120.464,0.0159199,500,0.05,5,10,1,20.2328,20.2328,0.991949,14203.3,39471,1,1,1,1453,1.453
LEO,39471,"CP8 (IPEX)              ",15.0764,120.464,0.0159199,500,0.1,1,10,1,26.8311,26.8311,0.912332,3524.1,39471,1,1,1,1481,1.481
LEO,39471,"CP8 (IPEX)              ",15.0764,120.464,0.0159199,500,0.1,2,10,1,34.4517,34.4517,0.634295,3558.81,39471,1,1,1,1472,1.472
LEO,39471,"CP8 (IPEX)              ",15.0764,120.464,0.0159199,500,0.1,3,10,1,49.7343,49.7343,0.0963123,3567.79,39471,1,1,1,3016,3.016
LEO,39471,"CP8 (IPEX)              ",15.0764,120.464,0.0159199,500,0.1,4,10,1,22.6219,22.6219,0.977339,3501.12,39471,1,1,1,1589,1.589
LEO,39471,"CP8 (IPEX)              ",15.0764,120.464,0.0159199,500,0.1,5,10,1,51.6069,51.6069,0.0693947,3599.43,39471,1,1,1,1513,1.513
LEO,39471,"CP8 (IPEX)              ",15.0764,120.464,0.0159199,500,0.25,1,10,1,42.3085,42.3085,0.290284,484.511,39471,1,1,1,1498,1.498
LEO,39471,"CP8 (IPEX)              ",15.0764,120.464,0.0159199,500,0.25,2,10,1,95.7679,95.7679,6.88967e-07,473.834,39471,1,1,1,3517,3.517
LEO,39471,"CP8 (IPEX)              ",15.0764,120.464,0.0159199,500,0.25,3,10,1,27.6465,27.6465,0.892195,545.277,39471,1,1,1,3476,3.476
LEO,39471,"CP8 (IPEX)              ",15.0764,120.464,0.0159199,500,0.25,4,10,1,39.9696,39.9696,0.382704,516.566,39471,1,1,1,1560,1.56
LEO,39471,"CP8 (IPEX)              ",15.0764,120.464,0.0159199,500,0.25,5,10,1,20.9832,20.9832,0.988576,623.77,39471,1,1,1,1490,1.49
LEO,39471,"CP8 (IPEX)              ",15.0764,120.464,0.0159199,500,0.5,1,10,1,33.7176,33.7176,0.667741,127.679,39471,1,1,1,2603,2.603
LEO,39471,"CP8 (IPEX)              ",15.0764,120.464,0.0159199,500,0.5,2,10,1,48.606,48.606,0.116276,176.035,39471,1,1,1,42844,42.844
LEO,39471,"CP8 (IPEX)              ",15.0764,120.464,0.0159199,500,0.5,3,10,1,17.6098,17.6098,0.998086,138.307,39471,1,1,1,2010,2.01
LEO,39471,"CP8 (IPEX)              ",15.0764,120.464,0.0159199,500,0.5,4,10,1,56.705,56.705,0.025996,134.086,39471,1,1,1,1608,1.608
LEO,39471,"CP8 (IPEX)              ",15.0764,120.464,0.0159199,500,0.5,5,10,1,27.3555,27.3555,0.899686,135.611,39471,1,1,1,1851,1.851
LEO,39471,"CP8 (IPEX)              ",15.0764,120.464,0.0159199,500,1,1,10,1,37.9265,37.9265,0.472835,21.5053,39471,1,1,1,2270,2.27
LEO,39471,"CP8 (IPEX)              ",15.0764,120.464,0.0159199,500,1,2,10,1,22.1686,22.1686,0.981057,28.9242,39471,1,1,1,1527,1.527
LEO,39471,"CP8 (IPEX)              ",15.0764,120.464,0.0159199,500,1,3,10,1,49.5577,49.5577,0.099241,36.3101,39471,1,1,1,1289,1.289
LEO,39471,"CP8 (IPEX)              ",15.0764,120.464,0.0159199,500,1,4,10,1,19.9561,19.9561,0.992968,44.2011,39471,1,1,1,1429,1.429
LEO,39471,"CP8 (IPEX)              ",15.0764,120.464,0.0159199,500,1,5,10,1,33.0661,33.0661,0.696747,34.4991,39471,1,1,1,2287,2.287
LEO,39471,"CP8 (IPEX)              ",15.0764,120.464,0.0159199,500,1.5,1,10,1,43.0794,43.0794,0.262944,8.52332,39471,1,1,1,3056,3.056
LEO,39471,"CP8 (IPEX)              ",15.0764,120.464,0.0159199,500,1.5,2,10,1,32.284,32.284,0.73046,8.6888,39471,1,1,1,1374,1.374
LEO,39471,"CP8 (IPEX)              ",15.0764,120.464,0.0159199,500,1.5,3,10,1,34.8818,34.8818,0.614424,17.7674,39471,1,1,1,1539,1.539
LEO,39471,"CP8 (IPEX)              ",15.0764,120.464,0.0159199,500,1.5,4,10,1,24.7784,24.7784,0.951642,9.74933,39471,1,1,1,1551,1.551
LEO,39471,"CP8 (IPEX)              ",15.0764,120.464,0.0159199,500,1.5,5,10,1,38.3503,38.3503,0.453602,6.19119,39471,1,1,1,2745,2.745
LEO,39471,"CP8 (IPEX)              ",15.0764,120.464,0.0159199,500,2,1,10,1,30.5654,30.5654,0.798954,6.6351,39471,1,1,1,1619,1.619
LEO,39471,"CP8 (IPEX)              ",15.0764,120.464,0.0159199,500,2,2,10,1,46.9883,46.9883,0.150438,3.2934,39471,1,1,1,2719,2.719
LEO,39471,"CP8 (IPEX)              ",15.0764,120.464,0.0159199,500,2,3,10,1,32.5218,32.5218,0.720355,0.808742,39471,1,1,1,1404,1.404
LEO,39471,"CP8 (IPEX)              ",15.0764,120.464,0.0159199,500,2,4,10,1,32.5613,32.5613,0.718662,8.69021,39471,1,1,1,1563,1.563
LEO,39471,"CP8 (IPEX)              ",15.0764,120.464,0.0159199,500,2,5,10,1,21.7325,21.7325,0.984172,5.00198,39471,1,1,1,1356,1.356
LEO,38761,"CSSWE                   ",15.427,64.6623,0.0053913,500,0,1,10,1,7.42233e-05,7.42233e-05,1,7.51355e+07,38761,1,1,1,20253,20.253
LEO,38761,"CSSWE                   ",15.427,64.6623,0.0053913,500,0,2,10,1,7.42233e-05,7.42233e-05,1,7.51355e+07,38761,1,1,1,1266,1.266
LEO,38761,"CSSWE                   ",15.427,64.6623,0.0053913,500,0,3,10,1,7.42233e-05,7.42233e-05,1,7.51355e+07,38761,1,1,1,1202,1.202
LEO,38761,"CSSWE                   ",15.427,64.6623,0.0053913,500,0,4,10,1,7.42233e-05,7.42233e-05,1,7.51355e+07,38761,1,1,1,2493,2.493
LEO,38761,"CSSWE                   ",15.427,64.6623,0.0053913,500,0,5,10,1,7.42233e-05,7.42233e-05,1,7.51355e+07,38761,1,1,1,1720,1.72
LEO,38761,"CSSWE                   ",15.427,64.6623,0.0053913,500,0.05,1,10,1,27.7252,27.7252,0.890111,30131.8,38761,1,1,1,1294,1.294
LEO,38761,"CSSWE                   ",15.427,64.6623,0.0053913,500,0.05,2,10,1,34.3764,34.3764,0.637755,30089,38761,1,1,1,1219,1.219
LEO,38761,"CSSWE                   ",15.427,64.6623,0.0053913,500,0.05,3,10,1,40.5166,40.5166,0.359912,30234.6,38761,1,1,1,1349,1.349
LEO,38761,"CSSWE                   ",15.427,64.6623,0.0053913,500,0.05,4,10,1,39.9667,39.9667,0.382828,30891.6,38761,1,1,1,1292,1.292
LEO,38761,"CSSWE                   ",15.427,64.6623,0.0053913,500,0.05,5,10,1,26.9571,26.9571,0.909393,29921.5,38761,1,1,1,1762,1.762
LEO,38761,"CSSWE                   ",15.427,64.6623,0.0053913,500,0.1,1,10,1,22.3196,22.3196,0.979875,7346.72,38761,1,1,1,1933,1.933
LEO,38761,"CSSWE                   ",15.427,64.6623,0.0053913,500,0.1,2,10,1,30.5792,30.5792,0.798444,7590.37,38761,1,1,1,2223,2.223
LEO,38761,"CSSWE                   ",15.427,64.6623,0.0053913,500,0.1,3,10,1,25.6972,25.6972,0.936004,7432.62,38761,1,1,1,1289,1.289
LEO,38761,"CSSWE                   ",15.427,64.6623,0.0053913,500,0.1,4,10,1,43.7825,43.7825,0.239472,7316.24,38761,1,1,1,1283,1.283
LEO,38761,"CSSWE                   ",15.427,64.6623,0.0053913,500,0.1,5,10,1,22.5808,22.5808,0.977698,7586.57,38761,1,1,1,1297,1.297
LEO,38761,"CSSWE                   ",15.427,64.6623,0.0053913,500,0.25,1,10,1,21.1035,21.1035,0.987943,1176.72,38761,1,1,1,1354,1.354
LEO,38761,"CSSWE                   ",15.427,64.6623,0.0053913,500,0.25,2,10,1,53.2146,53.2146,0.0516178,1156.3,38761,1,1,1,2191,2.191
LEO,38761,"CSSWE                   ",15.427,64.6623,0.0053913,500,0.25,3,10,1,44.8663,44.8663,0.206077,1108.23,38761,1,1,1,1364,1.364
LEO,38761,"CSSWE                   ",15.427,64.6623,0.0053913,500,0.25,4,10,1,57.1705,57.1705,0.0236224,1258.32,38761,1,1,1,1211,1.211
LEO,38761,"CSSWE                   ",15.427,64.6623,0.0053913,500,0.25,5,10,1,30.649,30.649,0.79583,1212.92,38761,1,1,1,1268,1.268
LEO,38761,"CSSWE                   ",15.427,64.6623,0.0053913,500,0.5,1,10,1,33.5144,33.5144,0.676865,340.94,38761,1,1,1,1350,1.35
LEO,38761,"CSSWE                   ",15.427,64.6623,0.0053913,500,0.5,2,10,1,29.3725,29.3725,0.840918,308.195,38761,1,1,1,1245,1.245
LEO,38761,"CSSWE                   ",15.427,64.6623,0.0053913,500,0.5,3,10,1,54.5008,54.5008,0.0403607,249.253,38761,1,1,1,1392,1.392
LEO,38761,"CSSWE                   ",15.427,64.6623,0.0053913,500,0.5,4,10,1,25.6697,25.6697,0.936517,258.046,38761,1,1,1,2464,2.464
LEO,38761,"CSSWE                   ",15.427,64.6623,0.0053913,500,0.5,5,10,1,36.4244,36.4244,0.542393,346.968,38761,1,1,1,1371,1.371
LEO,38761,"CSSWE                   ",15.427,64.6623,0.0053913,500,1,1,10,1,25.9123,25.9123,0.931894,57.4587,38761,1,1,1,1212,1.212
LEO,38761,"CSSWE                   ",15.427,64.6623,0.0053913,500,1,2,10,1,66.6358,66.6358,0.00277571,66.4439,38761,1,1,1,1222,1.222
LEO,38761,"CSSWE                   ",15.427,64.6623,0.0053913,500,1,3,10,1,57.0952,57.0952,0.0239926,74.1421,38761,1,1,1,1310,1.31
LEO,38761,"CSSWE                   ",15.427,64.6623,0.0053913,500,1,4,10,1,31.1969,31.1969,0.774795,78.6008,38761,1,1,1,1287,1.287
LEO,38761,"CSSWE                   ",15.427,64.6623,0.0053913,500,1,5,10,1,50.107,50.107,0.0903651,73.4074,38761,1,1,1,1219,1.219
LEO,38761,"CSSWE                   ",15.427,64.6623,0.0053913,500,1.5,1,10,1,31.9419,31.9419,0.744758,32.2601,38761,1,1,1,2538,2.538
LEO,38761,"CSSWE                   ",15.427,64.6623,0.0053913,500,1.5,2,10,1,46.1121,46.1121,0.171871,9.89884,38761,1,1,1,1381,1.381
LEO,38761,"CSSWE                   ",15.427,64.6623,0.0053913,500,1.5,3,10,1,33.5505,33.5505,0.675252,13.9925,38761,1,1,1,1339,1.339
LEO,38761,"CSSWE                   ",15.427,64.6623,0.0053913,500,1.5,4,10,1,36.1253,36.1253,0.556383,36.0395,38761,1,1,1,1279,1.279
LEO,38761,"CSSWE                   ",15.427,64.6623,0.0053913,500,1.5,5,10,1,36.8775,36.8775,0.521252,36.7989,38761,1,1,1,1301,1.301
LEO,38761,"CSSWE                   ",15.427,64.6623,0.0053913,500,2,1,10,1,39.7914,39.7914,0.390268,12.2692,38761,1,1,1,1373,1.373
LEO,38761,"CSSWE                   ",15.427,64.6623,0.0053913,500,2,2,10,2,45.707,44.5574,0.21525,1.14966,68047,0,1,1,1288,1.288
LEO,38761,"CSSWE                   ",15.427,64.6623,0.0053913,500,2,3,10,1,39.6396,39.6396,0.396763,12.0138,38761,1,1,1,2310,2.31
LEO,38761,"CSSWE                   ",15.427,64.6623,0.0053913,500,2,4,10,1,29.6642,29.6642,0.831127,11.1629,38761,1,1,1,1494,1.494
LEO,38761,"CSSWE                   ",15.427,64.6623,0.0053913,500,2,5,10,1,29.8535,29.8535,0.824606,6.77032,38761,1,1,1,1382,1.382
LEO,25984,"ORBCOMM FM36            ",14.3913,45.0402,0.0003268,500,0,1,10,1,7.84015e-05,7.84015e-05,1,5.98811e+06,25984,1,1,1,20138,20.138
LEO,25984,"ORBCOMM FM36            ",14.3913,45.0402,0.0003268,500,0,2,10,1,7.84015e-05,7.84015e-05,1,5.98811e+06,25984,1,1,1,1301,1.301
LEO,25984,"ORBCOMM FM36            ",14.3913,45.0402,0.0003268,500,0,3,10,1,7.84015e-05,7.84015e-05,1,5.98811e+06,25984,1,1,1,1287,1.287
LEO,25984,"ORBCOMM FM36            ",14.3913,45.0402,0.0003268,500,0,4,10,1,7.84015e-05,7.84015e-05,1,5.98811e+06,25984,1,1,1,2677,2.677
LEO,25984,"ORBCOMM FM36            ",14.3913,45.0402,0.0003268,500,0,5,10,1,7.84015e-05,7.84015e-05,1,5.98811e+06,25984,1,1,1,1678,1.678
LEO,25984,"ORBCOMM FM36            ",14.3913,45.0402,0.0003268,500,0.05,1,10,1,17.0407,17.0407,0.998667,2490.22,25984,1,1,1,1353,1.353
LEO,25984,"ORBCOMM FM36            ",14.3913,45.0402,0.0003268,500,0.05,2,10,1,41.4275,41.4275,0.323501,2540.68,25984,1,1,1,1259,1.259
LEO,25984,"ORBCOMM FM36            ",14.3913,45.0402,0.0003268,500,0.05,3,10,1,39.4878,39.4878,0.403302,2441.8,25984,1,1,1,1373,1.373
LEO,25984,"ORBCOMM FM36            ",14.3913,45.0402,0.0003268,500,0.05,4,10,1,52.5845,52.5845,0.0580565,2277.06,25984,1,1,1,1291,1.291
LEO,25984,"ORBCOMM FM36            ",14.3913,45.0402,0.0003268,500,0.05,5,10,1,47.9126,47.9126,0.130087,2226.78,25984,1,1,1,2355,2.355
LEO,25984,"ORBCOMM FM36            ",14.3913,45.0402,0.0003268,500,0.1,1,10,1,41.0026,41.0026,0.340235,528.732,25984,1,1,1,2643,2.643
LEO,25984,"ORBCOMM FM36            ",14.3913,45.0402,0.0003268,500,0.1,2,10,1,24.7164,24.7164,0.952588,554.104,25984,1,1,1,1290,1.29
LEO,25984,"ORBCOMM FM36            ",14.3913,45.0402,0.0003268,500,0.1,3,10,1,42.2831,42.2831,0.291213,599.873,25984,1,1,1,1356,1.356
LEO,25984,"ORBCOMM FM36            ",14.3913,45.0402,0.0003268,500,0.1,4,10,1,44.5843,44.5843,0.214439,509.762,25984,1,1,1,1317,1.317
LEO,25984,"ORBCOMM FM36            ",14.3913,45.0402,0.0003268,500,0.1,5,10,1,37.3834,37.3834,0.497782,744.608,25984,1,1,1,3330,3.33
LEO,25984,"ORBCOMM FM36            ",14.3913,45.0402,0.0003268,500,0.25,1,10,1,48.6118,48.6118,0.116165,107.605,25984,1,1,1,2755,2.755
LEO,25984,"ORBCOMM FM36            ",14.3913,45.0402,0.0003268,500,0.25,2,10,1,16.5514,16.5514,0.99904,90.3053,25984,1,1,1,1310,1.31
LEO,25984,"ORBCOMM FM36            ",14.3913,45.0402,0.0003268,500,0.25,3,10,1,54.2141,54.2141,0.0426653,108.594,25984,1,1,1,1306,1.306
LEO,25984,"ORBCOMM FM36            ",14.3913,45.0402,0.0003268,500,0.25,4,10,1,33.5832,33.5832,0.673784,89.448,25984,1,1,1,1326,1.326
LEO,25984,"ORBCOMM FM36            ",14.3913,45.0402,0.0003268,500,0.25,5,10,1,58.9807,58.9807,0.0161309,104.561,25984,1,1,1,1338,1.338
LEO,25984,"ORBCOMM FM36            ",14.3913,45.0402,0.0003268,500,0.5,1,10,1,43.6359,43.6359,0.244251,21.9947,25984,1,1,1,2411,2.411
LEO,25984,"ORBCOMM FM36            ",14.3913,45.0402,0.0003268,500,0.5,2,10,1,26.4756,26.4756,0.92029,19.2443,25984,1,1,1,2586,2.586
LEO,25984,"ORBCOMM FM36            ",14.3913,45.0402,0.0003268,500,0.5,3,10,1,25.2354,25.2354,0.944247,17.4174,25984,1,1,1,1351,1.351
LEO,25984,"ORBCOMM FM36            ",14.3913,45.0402,0.0003268,500,0.5,4,10,1,45.4502,45.4502,0.189492,32.7316,25984,1,1,1,1260,1.26
LEO,25984,"ORBCOMM FM36            ",14.3913,45.0402,0.0003268,500,0.5,5,10,1,66.5872,66.5872,0.00280882,7.40087,25984,1,1,1,1282,1.282
LEO,25984,"ORBCOMM FM36            ",14.3913,45.0402,0.0003268,500,1,1,10,1,28.9204,28.9204,0.855465,11.4774,25984,1,1,1,1325,1.325
LEO,25984,"ORBCOMM FM36            ",14.3913,45.0402,0.0003268,500,1,2,10,1,57.4404,57.4404,0.0223367,0.979081,25984,1,1,1,2349,2.349
LEO,25984,"ORBCOMM FM36            ",14.3913,45.0402,0.0003268,500,1,3,10,1,39.8318,39.8318,0.388551,10.1576,25984,1,1,1,1542,1.542
LEO,25984,"ORBCOMM FM36            ",14.3913,45.0402,0.0003268,500,1,4,10,1,30.2137,30.2137,0.811848,7.88928,25984,1,1,1,1390,1.39
LEO,25984,"ORBCOMM FM36            ",14.3913,45.0402,0.0003268,500,1,5,10,1,38.2442,38.2442,0.458394,8.48254,25984,1,1,1,1317,1.317
LEO,25984,"ORBCOMM FM36            ",14.3913,45.0402,0.0003268,500,1.5,1,10,1,22.9882,22.9882,0.973946,0.479453,25984,1,1,1,1558,1.558
LEO,25984,"ORBCOMM FM36            ",14.3913,45.0402,0.0003268,500,1.5,2,10,1,41.307,41.307,0.328201,2.156,25984,1,1,1,1357,1.357
LEO,25984,"ORBCOMM FM36            ",14.3913,45.0402,0.0003268,500,1.5,3,10,2,65.2515,61.5784,0.00910776,3.67312,57136,0,1,1,2374,2.374
LEO,25984,"ORBCOMM FM36            ",14.3913,45.0402,0.0003268,500,1.5,4,10,1,34.9384,34.9384,0.611796,2.55762,25984,1,1,1,2435,2.435
LEO,25984,"ORBCOMM FM36            ",14.3913,45.0402,0.0003268,500,1.5,5,10,2,24.8166,21.4986,0.985669,3.31797,40889,0,1,1,1459,1.459
LEO,25984,"ORBCOMM FM36            ",14.3913,45.0402,0.0003268,500,2,1,10,1,39.0272,39.0272,0.423411,0.712888,25984,1,1,1,1257,1.257
LEO,25984,"ORBCOMM FM36            ",14.3913,45.0402,0.0003268,500,2,2,10,2,29.3114,27.8638,0.886382,1.44762,57136,0,1,1,1572,1.572
LEO,25984,"ORBCOMM FM36            ",14.3913,45.0402,0.0003268,500,2,3,10,3,43.2122,36.6765,0.53062,4.87528,40889,0,1,1,1329,1.329
LEO,25984,"ORBCOMM FM36            ",14.3913,45.0402,0.0003268,500,2,4,10,4,56.9514,54.0109,0.044368,0.982033,65509,0,0,1,2080,2.08
LEO,25984,"ORBCOMM FM36            ",14.3913,45.0402,0.0003268,500,2,5,10,1,27.2607,27.2607,0.902051,0.62676,25984,1,1,1,1917,1.917
MEO,68791,"GPS BIII-10 (PRN 13)    ",2.0057,54.9663,0.0004511,500,0,1,10,1,2.62449e-07,2.62449e-07,1,1.15415e+06,68791,1,1,1,20553,20.553
MEO,68791,"GPS BIII-10 (PRN 13)    ",2.0057,54.9663,0.0004511,500,0,2,10,1,2.62449e-07,2.62449e-07,1,1.15415e+06,68791,1,1,1,1234,1.234
MEO,68791,"GPS BIII-10 (PRN 13)    ",2.0057,54.9663,0.0004511,500,0,3,10,1,2.62449e-07,2.62449e-07,1,1.15415e+06,68791,1,1,1,1223,1.223
MEO,68791,"GPS BIII-10 (PRN 13)    ",2.0057,54.9663,0.0004511,500,0,4,10,1,2.62449e-07,2.62449e-07,1,1.15415e+06,68791,1,1,1,1190,1.19
MEO,68791,"GPS BIII-10 (PRN 13)    ",2.0057,54.9663,0.0004511,500,0,5,10,1,2.62449e-07,2.62449e-07,1,1.15415e+06,68791,1,1,1,1207,1.207
MEO,68791,"GPS BIII-10 (PRN 13)    ",2.0057,54.9663,0.0004511,500,0.05,1,10,1,44.54,44.54,0.215774,378.883,68791,1,1,1,1304,1.304
MEO,68791,"GPS BIII-10 (PRN 13)    ",2.0057,54.9663,0.0004511,500,0.05,2,10,1,55.0054,55.0054,0.0365671,548.606,68791,1,1,1,2160,2.16
MEO,68791,"GPS BIII-10 (PRN 13)    ",2.0057,54.9663,0.0004511,500,0.05,3,10,1,34.7063,34.7063,0.622548,463.476,68791,1,1,1,1275,1.275
MEO,68791,"GPS BIII-10 (PRN 13)    ",2.0057,54.9663,0.0004511,500,0.05,4,10,1,37.3235,37.3235,0.500555,446.798,68791,1,1,1,1197,1.197
MEO,68791,"GPS BIII-10 (PRN 13)    ",2.0057,54.9663,0.0004511,500,0.05,5,10,1,44.9845,44.9845,0.20264,493.81,68791,1,1,1,1263,1.263
MEO,68791,"GPS BIII-10 (PRN 13)    ",2.0057,54.9663,0.0004511,500,0.1,1,10,1,35.9956,35.9956,0.562452,123.649,68791,1,1,1,1212,1.212
MEO,68791,"GPS BIII-10 (PRN 13)    ",2.0057,54.9663,0.0004511,500,0.1,2,10,1,32.3479,32.3479,0.727758,105.856,68791,1,1,1,1150,1.15
MEO,68791,"GPS BIII-10 (PRN 13)    ",2.0057,54.9663,0.0004511,500,0.1,3,10,1,46.4217,46.4217,0.164054,110.168,68791,1,1,1,1243,1.243
MEO,68791,"GPS BIII-10 (PRN 13)    ",2.0057,54.9663,0.0004511,500,0.1,4,10,1,39.3226,39.3226,0.410471,168.123,68791,1,1,1,1377,1.377
MEO,68791,"GPS BIII-10 (PRN 13)    ",2.0057,54.9663,0.0004511,500,0.1,5,10,1,50.6582,50.6582,0.0821216,135.908,68791,1,1,1,2177,2.177
MEO,68791,"GPS BIII-10 (PRN 13)    ",2.0057,54.9663,0.0004511,500,0.25,1,10,1,37.6955,37.6955,0.48341,26.5484,68791,1,1,1,1239,1.239
MEO,68791,"GPS BIII-10 (PRN 13)    ",2.0057,54.9663,0.0004511,500,0.25,2,10,1,31.807,31.807,0.75031,31.1349,68791,1,1,1,1382,1.382
MEO,68791,"GPS BIII-10 (PRN 13)    ",2.0057,54.9663,0.0004511,500,0.25,3,10,2,46.5025,45.1775,0.197116,1.32497,85434,0,1,1,1443,1.443
MEO,68791,"GPS BIII-10 (PRN 13)    ",2.0057,54.9663,0.0004511,500,0.25,4,10,1,32.3437,32.3437,0.727933,1.97534,68791,1,1,1,1388,1.388
MEO,68791,"GPS BIII-10 (PRN 13)    ",2.0057,54.9663,0.0004511,500,0.25,5,10,1,35.138,35.138,0.602513,34.2114,68791,1,1,1,1840,1.84
MEO,68791,"GPS BIII-10 (PRN 13)    ",2.0057,54.9663,0.0004511,500,0.5,1,10,1,58.0585,58.0585,0.0196261,6.15198,68791,1,1,1,1281,1.281
MEO,68791,"GPS BIII-10 (PRN 13)    ",2.0057,54.9663,0.0004511,500,0.5,2,10,1,26.669,26.669,0.916022,4.08754,68791,1,1,1,1460,1.46
MEO,68791,"GPS BIII-10 (PRN 13)    ",2.0057,54.9663,0.0004511,500,0.5,3,10,1,45.3517,45.3517,0.19222,3.73823,68791,1,1,1,1455,1.455
MEO,68791,"GPS BIII-10 (PRN 13)    ",2.0057,54.9663,0.0004511,500,0.5,4,10,1,79.6962,79.6962,8.75284e-05,7.82125,68791,1,1,1,1197,1.197
MEO,68791,"GPS BIII-10 (PRN 13)    ",2.0057,54.9663,0.0004511,500,0.5,5,10,2,35.7495,31.9685,0.743653,3.78093,85434,0,1,1,2443,2.443
MEO,68791,"GPS BIII-10 (PRN 13)    ",2.0057,54.9663,0.0004511,500,1,1,10,2,53.3993,49.8684,0.0941364,3.53086,85434,0,1,1,2704,2.704
MEO,68791,"GPS BIII-10 (PRN 13)    ",2.0057,54.9663,0.0004511,500,1,2,10,1,43.8286,43.8286,0.237983,1.76124,68791,1,1,1,1330,1.33
MEO,68791,"GPS BIII-10 (PRN 13)    ",2.0057,54.9663,0.0004511,500,1,3,10,2,55.7272,52.172,0.0626322,3.55518,85434,0,1,1,1377,1.377
MEO,68791,"GPS BIII-10 (PRN 13)    ",2.0057,54.9663,0.0004511,500,1,4,10,1,37.3023,37.3023,0.501534,2.88648,68791,1,1,1,1367,1.367
MEO,68791,"GPS BIII-10 (PRN 13)    ",2.0057,54.9663,0.0004511,500,1,5,10,1,56.4096,56.4096,0.0276107,2.2823,68791,1,1,1,2302,2.302
MEO,68791,"GPS BIII-10 (PRN 13)    ",2.0057,54.9663,0.0004511,500,1.5,1,10,1,12.2,12.2,0.999978,1.7895,68791,1,1,1,3522,3.522
MEO,68791,"GPS BIII-10 (PRN 13)    ",2.0057,54.9663,0.0004511,500,1.5,2,10,1,35.0338,35.0338,0.607363,1.43101,68791,1,1,1,1492,1.492
MEO,68791,"GPS BIII-10 (PRN 13)    ",2.0057,54.9663,0.0004511,500,1.5,3,10,2,31.2466,31.1237,0.777662,0.122994,85434,0,1,1,1457,1.457
MEO,68791,"GPS BIII-10 (PRN 13)    ",2.0057,54.9663,0.0004511,500,1.5,4,10,1,36.3881,36.3881,0.544091,1.01385,68791,1,1,1,1475,1.475
MEO,68791,"GPS BIII-10 (PRN 13)    ",2.0057,54.9663,0.0004511,500,1.5,5,10,2,43.1805,42.7397,0.274787,0.440775,85434,0,1,1,2756,2.756
MEO,68791,"GPS BIII-10 (PRN 13)    ",2.0057,54.9663,0.0004511,500,2,1,10,1,22.5542,22.5542,0.977927,0.682519,68791,1,1,1,2632,2.632
MEO,68791,"GPS BIII-10 (PRN 13)    ",2.0057,54.9663,0.0004511,500,2,2,10,1,42.7625,42.7625,0.273983,0.18517,68791,1,1,1,1245,1.245
MEO,68791,"GPS BIII-10 (PRN 13)    ",2.0057,54.9663,0.0004511,500,2,3,10,2,46.4266,42.6738,0.277122,3.7528,65257,0,1,1,1478,1.478
MEO,68791,"GPS BIII-10 (PRN 13)    ",2.0057,54.9663,0.0004511,500,2,4,10,2,47.8632,47.7347,0.133829,0.128587,65257,0,1,1,1311,1.311
MEO,68791,"GPS BIII-10 (PRN 13)    ",2.0057,54.9663,0.0004511,500,2,5,10,1,37.1966,37.1966,0.506427,0.130988,68791,1,1,1,1512,1.512
MEO,67588,"GPS BIII-9  (PRN 20)    ",2.00572,55.0623,0.0023214,500,0,1,10,1,2.77664e-07,2.77664e-07,1,3.69964e+07,67588,1,1,1,21129,21.129
MEO,67588,"GPS BIII-9  (PRN 20)    ",2.00572,55.0623,0.0023214,500,0,2,10,1,2.77664e-07,2.77664e-07,1,3.69964e+07,67588,1,1,1,1381,1.381
MEO,67588,"GPS BIII-9  (PRN 20)    ",2.00572,55.0623,0.0023214,500,0,3,10,1,2.77664e-07,2.77664e-07,1,3.69964e+07,67588,1,1,1,1319,1.319
MEO,67588,"GPS BIII-9  (PRN 20)    ",2.00572,55.0623,0.0023214,500,0,4,10,1,2.77664e-07,2.77664e-07,1,3.69964e+07,67588,1,1,1,1627,1.627
MEO,67588,"GPS BIII-9  (PRN 20)    ",2.00572,55.0623,0.0023214,500,0,5,10,1,2.77664e-07,2.77664e-07,1,3.69964e+07,67588,1,1,1,1312,1.312
MEO,67588,"GPS BIII-9  (PRN 20)    ",2.00572,55.0623,0.0023214,500,0.05,1,10,1,20.4937,20.4937,0.990882,14527,67588,1,1,1,1404,1.404
MEO,67588,"GPS BIII-9  (PRN 20)    ",2.00572,55.0623,0.0023214,500,0.05,2,10,1,46.2408,46.2408,0.168591,14504,67588,1,1,1,2628,2.628
MEO,67588,"GPS BIII-9  (PRN 20)    ",2.00572,55.0623,0.0023214,500,0.05,3,10,1,22.5668,22.5668,0.977818,14757.5,67588,1,1,1,1512,1.512
MEO,67588,"GPS BIII-9  (PRN 20)    ",2.00572,55.0623,0.0023214,500,0.05,4,10,1,26.4392,26.4392,0.921078,14810.4,67588,1,1,1,1634,1.634
MEO,67588,"GPS BIII-9  (PRN 20)    ",2.00572,55.0623,0.0023214,500,0.05,5,10,1,40.5984,40.5984,0.356562,14929.9,67588,1,1,1,1511,1.511
MEO,67588,"GPS BIII-9  (PRN 20)    ",2.00572,55.0623,0.0023214,500,0.1,1,10,1,55.8601,55.8601,0.0308531,3476.17,67588,1,1,1,2517,2.517
MEO,67588,"GPS BIII-9  (PRN 20)    ",2.00572,55.0623,0.0023214,500,0.1,2,10,1,57.1755,57.1755,0.0235978,3873.7,67588,1,1,1,3305,3.305
MEO,67588,"GPS BIII-9  (PRN 20)    ",2.00572,55.0623,0.0023214,500,0.1,3,10,1,49.1253,49.1253,0.106712,3711.46,67588,1,1,1,1335,1.335
MEO,67588,"GPS BIII-9  (PRN 20)    ",2.00572,55.0623,0.0023214,500,0.1,4,10,1,32.2871,32.2871,0.730329,3599.87,67588,1,1,1,1558,1.558
MEO,67588,"GPS BIII-9  (PRN 20)    ",2.00572,55.0623,0.0023214,500,0.1,5,10,1,56.8396,56.8396,0.0252886,3627.15,67588,1,1,1,1597,1.597
MEO,67588,"GPS BIII-9  (PRN 20)    ",2.00572,55.0623,0.0023214,500,0.25,1,10,1,38.2606,38.2606,0.457652,649.359,67588,1,1,1,2357,2.357
MEO,67588,"GPS BIII-9  (PRN 20)    ",2.00572,55.0623,0.0023214,500,0.25,2,10,1,40.9845,40.9845,0.340957,601.043,67588,1,1,1,2739,2.739
MEO,67588,"GPS BIII-9  (PRN 20)    ",2.00572,55.0623,0.0023214,500,0.25,3,10,1,33.8471,33.8471,0.661897,655.248,67588,1,1,1,1414,1.414
MEO,67588,"GPS BIII-9  (PRN 20)    ",2.00572,55.0623,0.0023214,500,0.25,4,10,1,46.9185,46.9185,0.152068,607.779,67588,1,1,1,1580,1.58
MEO,67588,"GPS BIII-9  (PRN 20)    ",2.00572,55.0623,0.0023214,500,0.25,5,10,1,45.6354,45.6354,0.184438,613.564,67588,1,1,1,1512,1.512
MEO,67588,"GPS BIII-9  (PRN 20)    ",2.00572,55.0623,0.0023214,500,0.5,1,10,1,43.9671,43.9671,0.233545,147.805,67588,1,1,1,2455,2.455
MEO,67588,"GPS BIII-9  (PRN 20)    ",2.00572,55.0623,0.0023214,500,0.5,2,10,1,32.3298,32.3298,0.728524,121.118,67588,1,1,1,3050,3.05
MEO,67588,"GPS BIII-9  (PRN 20)    ",2.00572,55.0623,0.0023214,500,0.5,3,10,1,23.9589,23.9589,0.963105,161.959,67588,1,1,1,1538,1.538
MEO,67588,"GPS BIII-9  (PRN 20)    ",2.00572,55.0623,0.0023214,500,0.5,4,10,1,41.4115,41.4115,0.32412,189.402,67588,1,1,1,1416,1.416
MEO,67588,"GPS BIII-9  (PRN 20)    ",2.00572,55.0623,0.0023214,500,0.5,5,10,1,23.8533,23.8533,0.964423,144.818,67588,1,1,1,1596,1.596
MEO,67588,"GPS BIII-9  (PRN 20)    ",2.00572,55.0623,0.0023214,500,1,1,10,1,49.2338,49.2338,0.104797,36.1885,67588,1,1,1,2732,2.732
MEO,67588,"GPS BIII-9  (PRN 20)    ",2.00572,55.0623,0.0023214,500,1,2,10,1,22.726,22.726,0.976411,39.9842,67588,1,1,1,3092,3.092
MEO,67588,"GPS BIII-9  (PRN 20)    ",2.00572,55.0623,0.0023214,500,1,3,10,1,50.6158,50.6158,0.082733,23.7623,67588,1,1,1,1537,1.537
MEO,67588,"GPS BIII-9  (PRN 20)    ",2.00572,55.0623,0.0023214,500,1,4,10,1,61.6876,61.6876,0.00888623,26.7801,67588,1,1,1,1704,1.704
MEO,67588,"GPS BIII-9  (PRN 20)    ",2.00572,55.0623,0.0023214,500,1,5,10,1,59.8063,59.8063,0.0134917,34.1148,67588,1,1,1,1361,1.361
MEO,67588,"GPS BIII-9  (PRN 20)    ",2.00572,55.0623,0.0023214,500,1.5,1,10,1,26.445,26.445,0.920953,21.3325,67588,1,1,1,2421,2.421
MEO,67588,"GPS BIII-9  (PRN 20)    ",2.00572,55.0623,0.0023214,500,1.5,2,10,1,50.1167,50.1167,0.0902133,5.72649,67588,1,1,1,3364,3.364
MEO,67588,"GPS BIII-9  (PRN 20)    ",2.00572,55.0623,0.0023214,500,1.5,3,10,1,33.4854,33.4854,0.678163,4.84353,67588,1,1,1,1599,1.599
MEO,67588,"GPS BIII-9  (PRN 20)    ",2.00572,55.0623,0.0023214,500,1.5,4,10,1,28.4959,28.4959,0.868412,9.11582,67588,1,1,1,1569,1.569
MEO,67588,"GPS BIII-9  (PRN 20)    ",2.00572,55.0623,0.0023214,500,1.5,5,10,1,43.6845,43.6845,0.24266,15.1199,67588,1,1,1,1362,1.362
MEO,67588,"GPS BIII-9  (PRN 20)    ",2.00572,55.0623,0.0023214,500,2,1,10,1,46.8988,46.8988,0.152532,6.02629,67588,1,1,1,3083,3.083
MEO,67588,"GPS BIII-9  (PRN 20)    ",2.00572,55.0623,0.0023214,500,2,2,10,1,53.814,53.814,0.0460729,6.29979,67588,1,1,1,2895,2.895
MEO,67588,"GPS BIII-9  (PRN 20)    ",2.00572,55.0623,0.0023214,500,2,3,10,2,30.4104,27.9112,0.88509,2.49923,57424,0,1,1,1590,1.59
MEO,67588,"GPS BIII-9  (PRN 20)    ",2.00572,55.0623,0.0023214,500,2,4,10,1,29.1396,29.1396,0.848507,8.81811,67588,1,1,1,1502,1.502
MEO,67588,"GPS BIII-9  (PRN 20)    ",2.00572,55.0623,0.0023214,500,2,5,10,1,12.7698,12.7698,0.99996,12.9632,67588,1,1,1,1525,1.525
MEO,66313,"YAOGAN-46               ",5.31204,20.0897,0.0004133,500,0,1,10,1,2.44904e-06,2.44904e-06,1,1.08984e+07,66313,1,1,1,17056,17.056
MEO,66313,"YAOGAN-46               ",5.31204,20.0897,0.0004133,500,0,2,10,1,2.44904e-06,2.44904e-06,1,1.08984e+07,66313,1,1,1,1304,1.304
MEO,66313,"YAOGAN-46               ",5.31204,20.0897,0.0004133,500,0,3,10,1,2.44904e-06,2.44904e-06,1,1.08984e+07,66313,1,1,1,1332,1.332
MEO,66313,"YAOGAN-46               ",5.31204,20.0897,0.0004133,500,0,4,10,1,2.44904e-06,2.44904e-06,1,1.08984e+07,66313,1,1,1,1539,1.539
MEO,66313,"YAOGAN-46               ",5.31204,20.0897,0.0004133,500,0,5,10,1,2.44904e-06,2.44904e-06,1,1.08984e+07,66313,1,1,1,1501,1.501
MEO,66313,"YAOGAN-46               ",5.31204,20.0897,0.0004133,500,0.05,1,10,1,37.696,37.696,0.483386,4531.67,66313,1,1,1,2045,2.045
MEO,66313,"YAOGAN-46               ",5.31204,20.0897,0.0004133,500,0.05,2,10,1,56.7548,56.7548,0.0257322,4402.51,66313,1,1,1,1608,1.608
MEO,66313,"YAOGAN-46               ",5.31204,20.0897,0.0004133,500,0.05,3,10,1,30.7749,30.7749,0.791083,4548.88,66313,1,1,1,1287,1.287
MEO,66313,"YAOGAN-46               ",5.31204,20.0897,0.0004133,500,0.05,4,10,1,24.6571,24.6571,0.953482,4405.03,66313,1,1,1,1461,1.461
MEO,66313,"YAOGAN-46               ",5.31204,20.0897,0.0004133,500,0.05,5,10,1,33.7743,33.7743,0.665185,4443.03,66313,1,1,1,1292,1.292
MEO,66313,"YAOGAN-46               ",5.31204,20.0897,0.0004133,500,0.1,1,10,1,30.069,30.069,0.817029,1052.04,66313,1,1,1,2215,2.215
MEO,66313,"YAOGAN-46               ",5.31204,20.0897,0.0004133,500,0.1,2,10,1,47.0353,47.0353,0.149348,1114.26,66313,1,1,1,2616,2.616
MEO,66313,"YAOGAN-46               ",5.31204,20.0897,0.0004133,500,0.1,3,10,1,20.4137,20.4137,0.991221,1070.74,66313,1,1,1,1354,1.354
MEO,66313,"YAOGAN-46               ",5.31204,20.0897,0.0004133,500,0.1,4,10,1,49.8768,49.8768,0.0940016,1094.43,66313,1,1,1,1240,1.24
MEO,66313,"YAOGAN-46               ",5.31204,20.0897,0.0004133,500,0.1,5,10,1,72.0091,72.0091,0.000712347,1042.53,66313,1,1,1,1519,1.519
MEO,66313,"YAOGAN-46               ",5.31204,20.0897,0.0004133,500,0.25,1,10,1,39.8649,39.8649,0.387143,201.026,66313,1,1,1,1256,1.256
MEO,66313,"YAOGAN-46               ",5.31204,20.0897,0.0004133,500,0.25,2,10,1,38.3,38.3,0.455872,153.053,66313,1,1,1,2136,2.136
MEO,66313,"YAOGAN-46               ",5.31204,20.0897,0.0004133,500,0.25,3,10,1,38.1971,38.1971,0.460528,169.276,66313,1,1,1,1540,1.54
MEO,66313,"YAOGAN-46               ",5.31204,20.0897,0.0004133,500,0.25,4,10,1,53.6217,53.6217,0.0477932,94.7414,66313,1,1,1,1340,1.34
MEO,66313,"YAOGAN-46               ",5.31204,20.0897,0.0004133,500,0.25,5,10,1,34.6846,34.6846,0.623554,199.415,66313,1,1,1,1521,1.521
MEO,66313,"YAOGAN-46               ",5.31204,20.0897,0.0004133,500,0.5,1,10,1,34.7962,34.7962,0.61839,58.1956,66313,1,1,1,1606,1.606
MEO,66313,"YAOGAN-46               ",5.31204,20.0897,0.0004133,500,0.5,2,10,1,16.4527,16.4527,0.999103,50.3905,66313,1,1,1,2310,2.31
MEO,66313,"YAOGAN-46               ",5.31204,20.0897,0.0004133,500,0.5,3,10,1,56.18,56.18,0.0289267,20.8801,66313,1,1,1,1334,1.334
MEO,66313,"YAOGAN-46               ",5.31204,20.0897,0.0004133,500,0.5,4,10,1,46.0653,46.0653,0.173078,49.3199,66313,1,1,1,1291,1.291
MEO,66313,"YAOGAN-46               ",5.31204,20.0897,0.0004133,500,0.5,5,10,1,27.6214,27.6214,0.892852,48.1347,66313,1,1,1,1340,1.34
MEO,66313,"YAOGAN-46               ",5.31204,20.0897,0.0004133,500,1,1,10,3,40.9539,31.8432,0.748824,1.44561,68806,0,1,1,1326,1.326
MEO,66313,"YAOGAN-46               ",5.31204,20.0897,0.0004133,500,1,2,10,1,28.8718,28.8718,0.856981,9.13129,66313,1,1,1,2999,2.999
MEO,66313,"YAOGAN-46               ",5.31204,20.0897,0.0004133,500,1,3,10,1,53.3201,53.3201,0.0506028,10.4242,66313,1,1,1,1555,1.555
MEO,66313,"YAOGAN-46               ",5.31204,20.0897,0.0004133,500,1,4,10,1,59.5162,59.5162,0.0143708,11.8914,66313,1,1,1,1336,1.336
MEO,66313,"YAOGAN-46               ",5.31204,20.0897,0.0004133,500,1,5,10,1,67.9832,67.9832,0.00199132,2.88032,66313,1,1,1,1594,1.594
MEO,66313,"YAOGAN-46               ",5.31204,20.0897,0.0004133,500,1.5,1,10,3,36.8733,36.2173,0.552076,0.181548,28945,0,1,1,2004,2.004
MEO,66313,"YAOGAN-46               ",5.31204,20.0897,0.0004133,500,1.5,2,10,2,30.6193,28.0662,0.8808,2.55312,37392,0,1,1,3111,3.111
MEO,66313,"YAOGAN-46               ",5.31204,20.0897,0.0004133,500,1.5,3,10,1,24.4886,24.4886,0.955953,4.03796,66313,1,1,1,1512,1.512
MEO,66313,"YAOGAN-46               ",5.31204,20.0897,0.0004133,500,1.5,4,10,1,33.5812,33.5812,0.673876,1.31852,66313,1,1,1,1302,1.302
MEO,66313,"YAOGAN-46               ",5.31204,20.0897,0.0004133,500,1.5,5,10,1,28.014,28.014,0.882254,0.580096,66313,1,1,1,1361,1.361
MEO,66313,"YAOGAN-46               ",5.31204,20.0897,0.0004133,500,2,1,10,2,33.0996,30.9464,0.784531,2.15323,37392,0,1,1,2268,2.268
MEO,66313,"YAOGAN-46               ",5.31204,20.0897,0.0004133,500,2,2,10,3,22.0433,21.3072,0.98681,0.661275,28945,0,1,1,2813,2.813
MEO,66313,"YAOGAN-46               ",5.31204,20.0897,0.0004133,500,2,3,10,1,80.0442,80.0442,7.93032e-05,0.940449,66313,1,1,1,1348,1.348
MEO,66313,"YAOGAN-46               ",5.31204,20.0897,0.0004133,500,2,4,10,2,26.6244,26.4417,0.921025,0.182714,68806,0,1,1,1448,1.448
MEO,66313,"YAOGAN-46               ",5.31204,20.0897,0.0004133,500,2,5,10,1,33.7036,33.7036,0.668375,1.41732,66313,1,1,1,1335,1.335
GEO,67757,"JAM-E JAM 1             ",1.00273,0.3435,7.31e-05,500,0,1,10,1,4.92272e-08,4.92272e-08,1,1.01281e+06,67757,1,1,1,16130,16.13
GEO,67757,"JAM-E JAM 1             ",1.00273,0.3435,7.31e-05,500,0,2,10,1,4.92272e-08,4.92272e-08,1,1.01281e+06,67757,1,1,1,1618,1.618
GEO,67757,"JAM-E JAM 1             ",1.00273,0.3435,7.31e-05,500,0,3,10,1,4.92272e-08,4.92272e-08,1,1.01281e+06,67757,1,1,1,1425,1.425
GEO,67757,"JAM-E JAM 1             ",1.00273,0.3435,7.31e-05,500,0,4,10,1,4.92272e-08,4.92272e-08,1,1.01281e+06,67757,1,1,1,1568,1.568
GEO,67757,"JAM-E JAM 1             ",1.00273,0.3435,7.31e-05,500,0,5,10,1,4.92272e-08,4.92272e-08,1,1.01281e+06,67757,1,1,1,2560,2.56
GEO,67757,"JAM-E JAM 1             ",1.00273,0.3435,7.31e-05,500,0.05,1,10,1,44.9486,44.9486,0.20368,373.069,67757,1,1,1,3009,3.009
GEO,67757,"JAM-E JAM 1             ",1.00273,0.3435,7.31e-05,500,0.05,2,10,1,20.4415,20.4415,0.991104,379.682,67757,1,1,1,1665,1.665
GEO,67757,"JAM-E JAM 1             ",1.00273,0.3435,7.31e-05,500,0.05,3,10,1,57.6626,57.6626,0.0213255,457.213,67757,1,1,1,1447,1.447
GEO,67757,"JAM-E JAM 1             ",1.00273,0.3435,7.31e-05,500,0.05,4,10,1,36.904,36.904,0.520018,417.672,67757,1,1,1,1691,1.691
GEO,67757,"JAM-E JAM 1             ",1.00273,0.3435,7.31e-05,500,0.05,5,10,1,36.1217,36.1217,0.556548,424.344,67757,1,1,1,2551,2.551
GEO,67757,"JAM-E JAM 1             ",1.00273,0.3435,7.31e-05,500,0.1,1,10,1,46.8241,46.8241,0.154293,92.3829,67757,1,1,1,3222,3.222
GEO,67757,"JAM-E JAM 1             ",1.00273,0.3435,7.31e-05,500,0.1,2,10,1,35.8064,35.8064,0.571303,114.532,67757,1,1,1,1653,1.653
GEO,67757,"JAM-E JAM 1             ",1.00273,0.3435,7.31e-05,500,0.1,3,10,1,37.7444,37.7444,0.481165,140.566,67757,1,1,1,1605,1.605
GEO,67757,"JAM-E JAM 1             ",1.00273,0.3435,7.31e-05,500,0.1,4,10,1,31.7075,31.7075,0.754377,120.029,67757,1,1,1,1698,1.698
GEO,67757,"JAM-E JAM 1             ",1.00273,0.3435,7.31e-05,500,0.1,5,10,1,23.1143,23.1143,0.972693,83.723,67757,1,1,1,2249,2.249
GEO,67757,"JAM-E JAM 1             ",1.00273,0.3435,7.31e-05,500,0.25,1,10,1,23.1782,23.1782,0.972041,8.62812,67757,1,1,1,2606,2.606
GEO,67757,"JAM-E JAM 1             ",1.00273,0.3435,7.31e-05,500,0.25,2,10,1,64.0074,64.0074,0.00520873,24.015,67757,1,1,1,1492,1.492
GEO,67757,"JAM-E JAM 1             ",1.00273,0.3435,7.31e-05,500,0.25,3,10,1,40.8348,40.8348,0.346965,11.2,67757,1,1,1,1382,1.382
GEO,67757,"JAM-E JAM 1             ",1.00273,0.3435,7.31e-05,500,0.25,4,10,1,48.0693,48.0693,0.126859,9.99254,67757,1,1,1,1443,1.443
GEO,67757,"JAM-E JAM 1             ",1.00273,0.3435,7.31e-05,500,0.25,5,10,1,22.0713,22.0713,0.981791,17.4154,67757,1,1,1,1377,1.377
GEO,67757,"JAM-E JAM 1             ",1.00273,0.3435,7.31e-05,500,0.5,1,10,1,35.7118,35.7118,0.57573,1.5653,67757,1,1,1,2274,2.274
GEO,67757,"JAM-E JAM 1             ",1.00273,0.3435,7.31e-05,500,0.5,2,10,1,38.9646,38.9646,0.426171,5.84119,67757,1,1,1,1462,1.462
GEO,67757,"JAM-E JAM 1             ",1.00273,0.3435,7.31e-05,500,0.5,3,10,1,54.6555,54.6555,0.0391625,5.42704,67757,1,1,1,1430,1.43
GEO,67757,"JAM-E JAM 1             ",1.00273,0.3435,7.31e-05,500,0.5,4,10,1,34.8754,34.8754,0.614717,8.57446,67757,1,1,1,1701,1.701
GEO,67757,"JAM-E JAM 1             ",1.00273,0.3435,7.31e-05,500,0.5,5,10,1,33.7799,33.7799,0.664932,4.78603,67757,1,1,1,1596,1.596
GEO,67757,"JAM-E JAM 1             ",1.00273,0.3435,7.31e-05,500,1,1,10,1,51.7736,51.7736,0.0673392,3.51396,67757,1,1,1,2300,2.3
GEO,67757,"JAM-E JAM 1             ",1.00273,0.3435,7.31e-05,500,1,2,10,1,28.5484,28.5484,0.866846,1.48269,67757,1,1,1,2390,2.39
GEO,67757,"JAM-E JAM 1             ",1.00273,0.3435,7.31e-05,500,1,3,10,1,37.2318,37.2318,0.504799,0.565228,67757,1,1,1,1470,1.47
GEO,67757,"JAM-E JAM 1             ",1.00273,0.3435,7.31e-05,500,1,4,10,2,33.6946,30.8086,0.789803,2.886,59069,0,1,1,1947,1.947
GEO,67757,"JAM-E JAM 1             ",1.00273,0.3435,7.31e-05,500,1,5,10,1,36.3892,36.3892,0.544037,2.61779,67757,1,1,1,1704,1.704
GEO,67757,"JAM-E JAM 1             ",1.00273,0.3435,7.31e-05,500,1.5,1,10,1,47.8277,47.8277,0.131863,1.65892,67757,1,1,1,2830,2.83
GEO,67757,"JAM-E JAM 1             ",1.00273,0.3435,7.31e-05,500,1.5,2,10,1,15.7156,15.7156,0.999473,1.33589,67757,1,1,1,1689,1.689
GEO,67757,"JAM-E JAM 1             ",1.00273,0.3435,7.31e-05,500,1.5,3,10,1,26.6713,26.6713,0.915972,1.11134,67757,1,1,1,1564,1.564
GEO,67757,"JAM-E JAM 1             ",1.00273,0.3435,7.31e-05,500,1.5,4,10,1,17.2991,17.2991,0.998425,2.04183,67757,1,1,1,1685,1.685
GEO,67757,"JAM-E JAM 1             ",1.00273,0.3435,7.31e-05,500,1.5,5,10,1,68.521,68.521,0.00174107,1.13997,67757,1,1,1,1606,1.606
GEO,67757,"JAM-E JAM 1             ",1.00273,0.3435,7.31e-05,500,2,1,10,1,52.6802,52.6802,0.0570369,2.03268,67757,1,1,1,1512,1.512
GEO,67757,"JAM-E JAM 1             ",1.00273,0.3435,7.31e-05,500,2,2,10,1,53.3522,53.3522,0.050297,0.673125,67757,1,1,1,2138,2.138
GEO,67757,"JAM-E JAM 1             ",1.00273,0.3435,7.31e-05,500,2,3,10,2,37.9177,37.2804,0.502546,0.637287,59069,0,1,1,1723,1.723
GEO,67757,"JAM-E JAM 1             ",1.00273,0.3435,7.31e-05,500,2,4,10,1,32.3617,32.3617,0.727173,1.0076,67757,1,1,1,1580,1.58
GEO,67757,"JAM-E JAM 1             ",1.00273,0.3435,7.31e-05,500,2,5,10,1,27.8293,27.8293,0.887317,0.183503,67757,1,1,1,1680,1.68
GEO,67756,"ELEKTRO-L 5             ",1.00272,0.3283,0.000116,500,0,1,10,1,6.7109e-08,6.7109e-08,1,2.36727e+06,67756,1,1,1,17323,17.323
GEO,67756,"ELEKTRO-L 5             ",1.00272,0.3283,0.000116,500,0,2,10,1,6.7109e-08,6.7109e-08,1,2.36727e+06,67756,1,1,1,1639,1.639
GEO,67756,"ELEKTRO-L 5             ",1.00272,0.3283,0.000116,500,0,3,10,1,6.7109e-08,6.7109e-08,1,2.36727e+06,67756,1,1,1,1297,1.297
GEO,67756,"ELEKTRO-L 5             ",1.00272,0.3283,0.000116,500,0,4,10,1,6.7109e-08,6.7109e-08,1,2.36727e+06,67756,1,1,1,1611,1.611
GEO,67756,"ELEKTRO-L 5             ",1.00272,0.3283,0.000116,500,0,5,10,1,6.7109e-08,6.7109e-08,1,2.36727e+06,67756,1,1,1,1540,1.54
GEO,67756,"ELEKTRO-L 5             ",1.00272,0.3283,0.000116,500,0.05,1,10,1,31.9382,31.9382,0.744911,949.875,67756,1,1,1,1581,1.581
GEO,67756,"ELEKTRO-L 5             ",1.00272,0.3283,0.000116,500,0.05,2,10,1,31.5133,31.5133,0.76223,913.422,67756,1,1,1,2368,2.368
GEO,67756,"ELEKTRO-L 5             ",1.00272,0.3283,0.000116,500,0.05,3,10,1,34.7846,34.7846,0.618928,940.67,67756,1,1,1,2292,2.292
GEO,67756,"ELEKTRO-L 5             ",1.00272,0.3283,0.000116,500,0.05,4,10,1,55.8699,55.8699,0.0307922,854.46,67756,1,1,1,1425,1.425
GEO,67756,"ELEKTRO-L 5             ",1.00272,0.3283,0.000116,500,0.05,5,10,1,57.9784,57.9784,0.0199595,851.416,67756,1,1,1,1564,1.564
GEO,67756,"ELEKTRO-L 5             ",1.00272,0.3283,0.000116,500,0.1,1,10,1,20.3503,20.3503,0.991482,235.741,67756,1,1,1,1702,1.702
GEO,67756,"ELEKTRO-L 5             ",1.00272,0.3283,0.000116,500,0.1,2,10,1,26.5092,26.5092,0.919559,263.456,67756,1,1,1,2052,2.052
GEO,67756,"ELEKTRO-L 5             ",1.00272,0.3283,0.000116,500,0.1,3,10,1,40.168,40.168,0.374362,223.723,67756,1,1,1,1716,1.716
GEO,67756,"ELEKTRO-L 5             ",1.00272,0.3283,0.000116,500,0.1,4,10,1,35.2534,35.2534,0.597138,271.91,67756,1,1,1,1654,1.654
GEO,67756,"ELEKTRO-L 5             ",1.00272,0.3283,0.000116,500,0.1,5,10,1,27.1811,27.1811,0.904013,236.372,67756,1,1,1,1463,1.463
GEO,67756,"ELEKTRO-L 5             ",1.00272,0.3283,0.000116,500,0.25,1,10,1,51.4641,51.4641,0.0711978,20.9284,67756,1,1,1,1637,1.637
GEO,67756,"ELEKTRO-L 5             ",1.00272,0.3283,0.000116,500,0.25,2,10,1,32.9705,32.9705,0.70094,17.8586,67756,1,1,1,1681,1.681
GEO,67756,"ELEKTRO-L 5             ",1.00272,0.3283,0.000116,500,0.25,3,10,1,42.768,42.768,0.273789,62.9664,67756,1,1,1,2903,2.903
GEO,67756,"ELEKTRO-L 5             ",1.00272,0.3283,0.000116,500,0.25,4,10,1,39.5864,39.5864,0.39905,45.3258,67756,1,1,1,1680,1.68
GEO,67756,"ELEKTRO-L 5             ",1.00272,0.3283,0.000116,500,0.25,5,10,1,35.3393,35.3393,0.593133,53.0565,67756,1,1,1,2987,2.987
GEO,67756,"ELEKTRO-L 5             ",1.00272,0.3283,0.000116,500,0.5,1,10,1,25.3717,25.3717,0.941895,10.0263,67756,1,1,1,1432,1.432
GEO,67756,"ELEKTRO-L 5             ",1.00272,0.3283,0.000116,500,0.5,2,10,1,34.4961,34.4961,0.63225,5.20048,67756,1,1,1,1636,1.636
GEO,67756,"ELEKTRO-L 5             ",1.00272,0.3283,0.000116,500,0.5,3,10,1,23.1087,23.1087,0.97275,13.1753,67756,1,1,1,1421,1.421
GEO,67756,"ELEKTRO-L 5             ",1.00272,0.3283,0.000116,500,0.5,4,10,1,24.6064,24.6064,0.954235,15.9707,67756,1,1,1,2317,2.317
GEO,67756,"ELEKTRO-L 5             ",1.00272,0.3283,0.000116,500,0.5,5,10,2,26.4065,22.5861,0.977651,3.82036,38107,0,1,1,2476,2.476
GEO,67756,"ELEKTRO-L 5             ",1.00272,0.3283,0.000116,500,1,1,10,2,27.9276,26.2181,0.925747,1.70955,44903,0,1,1,1664,1.664
GEO,67756,"ELEKTRO-L 5             ",1.00272,0.3283,0.000116,500,1,2,10,1,41.5616,41.5616,0.318311,3.41481,67756,1,1,1,1565,1.565
GEO,67756,"ELEKTRO-L 5             ",1.00272,0.3283,0.000116,500,1,3,10,2,29.9833,28.3242,0.873449,1.65914,44903,0,1,1,1623,1.623
GEO,67756,"ELEKTRO-L 5             ",1.00272,0.3283,0.000116,500,1,4,10,3,52.3138,51.8265,0.0666974,0.366275,44903,0,1,1,2902,2.902
GEO,67756,"ELEKTRO-L 5             ",1.00272,0.3283,0.000116,500,1,5,10,2,24.7087,23.747,0.965715,0.961726,38107,0,1,1,1642,1.642
GEO,67756,"ELEKTRO-L 5             ",1.00272,0.3283,0.000116,500,1.5,1,10,1,22.4201,22.4201,0.979058,1.40152,67756,1,1,1,1627,1.627
GEO,67756,"ELEKTRO-L 5             ",1.00272,0.3283,0.000116,500,1.5,2,10,1,32.8532,32.8532,0.706055,0.83624,67756,1,1,1,1681,1.681
GEO,67756,"ELEKTRO-L 5             ",1.00272,0.3283,0.000116,500,1.5,3,10,10,35.939,28.6422,0.864029,0.020818,41588,0,0,1,1610,1.61
GEO,67756,"ELEKTRO-L 5             ",1.00272,0.3283,0.000116,500,1.5,4,10,1,54.6837,54.6837,0.0389478,0.0567548,67756,1,1,1,1948,1.948
GEO,67756,"ELEKTRO-L 5             ",1.00272,0.3283,0.000116,500,1.5,5,10,2,58.7379,57.9086,0.0202546,0.829254,44903,0,1,1,2857,2.857
GEO,67756,"ELEKTRO-L 5             ",1.00272,0.3283,0.000116,500,2,1,10,2,49.9817,49.9298,0.0931536,0.0519005,44903,0,1,1,1784,1.784
GEO,67756,"ELEKTRO-L 5             ",1.00272,0.3283,0.000116,500,2,2,10,1,52.8669,52.8669,0.0550905,1.41243,67756,1,1,1,1448,1.448
GEO,67756,"ELEKTRO-L 5             ",1.00272,0.3283,0.000116,500,2,3,10,3,57.9421,54.5442,0.0400213,0.976685,44076,0,1,1,1465,1.465
GEO,67756,"ELEKTRO-L 5             ",1.00272,0.3283,0.000116,500,2,4,10,1,18.4605,18.4605,0.996826,1.58018,67756,1,1,1,2725,2.725
GEO,67756,"ELEKTRO-L 5             ",1.00272,0.3283,0.000116,500,2,5,10,2,34.8143,33.801,0.66398,1.01331,38107,0,1,1,2235,2.235
GEO,67403,"SHIJIAN-29B (SJ-29B)    ",1.00275,3.301,0.0007105,500,0,1,10,1,7.04987e-08,7.04987e-08,1,162018,67403,1,1,1,15090,15.09
GEO,67403,"SHIJIAN-29B (SJ-29B)    ",1.00275,3.301,0.0007105,500,0,2,10,1,7.04987e-08,7.04987e-08,1,162018,67403,1,1,1,2270,2.27
GEO,67403,"SHIJIAN-29B (SJ-29B)    ",1.00275,3.301,0.0007105,500,0,3,10,1,7.04987e-08,7.04987e-08,1,162018,67403,1,1,1,1571,1.571
GEO,67403,"SHIJIAN-29B (SJ-29B)    ",1.00275,3.301,0.0007105,500,0,4,10,1,7.04987e-08,7.04987e-08,1,162018,67403,1,1,1,3601,3.601
GEO,67403,"SHIJIAN-29B (SJ-29B)    ",1.00275,3.301,0.0007105,500,0,5,10,1,7.04987e-08,7.04987e-08,1,162018,67403,1,1,1,3057,3.057
GEO,67403,"SHIJIAN-29B (SJ-29B)    ",1.00275,3.301,0.0007105,500,0.05,1,10,1,22.3977,22.3977,0.979242,64.3297,67403,1,1,1,1551,1.551
GEO,67403,"SHIJIAN-29B (SJ-29B)    ",1.00275,3.301,0.0007105,500,0.05,2,10,1,64.9976,64.9976,0.00412114,80.9013,67403,1,1,1,1441,1.441
GEO,67403,"SHIJIAN-29B (SJ-29B)    ",1.00275,3.301,0.0007105,500,0.05,3,10,1,37.5927,37.5927,0.488137,75.6149,67403,1,1,1,1648,1.648
GEO,67403,"SHIJIAN-29B (SJ-29B)    ",1.00275,3.301,0.0007105,500,0.05,4,10,1,20.3997,20.3997,0.991279,69.8455,67403,1,1,1,2502,2.502
GEO,67403,"SHIJIAN-29B (SJ-29B)    ",1.00275,3.301,0.0007105,500,0.05,5,10,1,46.234,46.234,0.168762,75.1339,67403,1,1,1,3363,3.363
GEO,67403,"SHIJIAN-29B (SJ-29B)    ",1.00275,3.301,0.0007105,500,0.1,1,10,1,23.7994,23.7994,0.965083,9.58689,67403,1,1,1,1689,1.689
GEO,67403,"SHIJIAN-29B (SJ-29B)    ",1.00275,3.301,0.0007105,500,0.1,2,10,1,69.581,69.581,0.00133248,22.588,67403,1,1,1,1380,1.38
GEO,67403,"SHIJIAN-29B (SJ-29B)    ",1.00275,3.301,0.0007105,500,0.1,3,10,1,44.1465,44.1465,0.227877,29.5157,67403,1,1,1,1414,1.414
GEO,67403,"SHIJIAN-29B (SJ-29B)    ",1.00275,3.301,0.0007105,500,0.1,4,10,1,20.679,20.679,0.990058,17.9423,67403,1,1,1,3646,3.646
GEO,67403,"SHIJIAN-29B (SJ-29B)    ",1.00275,3.301,0.0007105,500,0.1,5,10,1,44.8007,44.8007,0.208001,14.6539,67403,1,1,1,2963,2.963
GEO,67403,"SHIJIAN-29B (SJ-29B)    ",1.00275,3.301,0.0007105,500,0.25,1,10,1,29.483,29.483,0.837246,0.649156,67403,1,1,1,1687,1.687
GEO,67403,"SHIJIAN-29B (SJ-29B)    ",1.00275,3.301,0.0007105,500,0.25,2,10,2,38.1161,36.749,0.527236,1.36702,67302,0,1,1,1385,1.385
GEO,67403,"SHIJIAN-29B (SJ-29B)    ",1.00275,3.301,0.0007105,500,0.25,3,10,1,25.6326,25.6326,0.937204,5.48915,67403,1,1,1,1644,1.644
GEO,67403,"SHIJIAN-29B (SJ-29B)    ",1.00275,3.301,0.0007105,500,0.25,4,10,1,49.0666,49.0666,0.107761,2.91228,67403,1,1,1,2375,2.375
GEO,67403,"SHIJIAN-29B (SJ-29B)    ",1.00275,3.301,0.0007105,500,0.25,5,10,1,16.8041,16.8041,0.998861,1.36289,67403,1,1,1,2832,2.832
GEO,67403,"SHIJIAN-29B (SJ-29B)    ",1.00275,3.301,0.0007105,500,0.5,1,10,2,26.6395,26.1302,0.927551,0.509341,67302,0,1,1,1436,1.436
GEO,67403,"SHIJIAN-29B (SJ-29B)    ",1.00275,3.301,0.0007105,500,0.5,2,10,2,17.3027,15.2469,0.999631,2.05571,67302,0,1,1,1400,1.4
GEO,67403,"SHIJIAN-29B (SJ-29B)    ",1.00275,3.301,0.0007105,500,0.5,3,10,1,36.2597,36.2597,0.550094,3.40332,67403,1,1,1,1426,1.426
GEO,67403,"SHIJIAN-29B (SJ-29B)    ",1.00275,3.301,0.0007105,500,0.5,4,10,1,30.9411,30.9411,0.784735,1.48383,67403,1,1,1,1973,1.973
GEO,67403,"SHIJIAN-29B (SJ-29B)    ",1.00275,3.301,0.0007105,500,0.5,5,10,2,44.3556,44.0231,0.231764,0.332473,67302,0,1,1,1897,1.897
GEO,67403,"SHIJIAN-29B (SJ-29B)    ",1.00275,3.301,0.0007105,500,1,1,10,2,51.6981,51.3724,0.0723762,0.32567,67302,0,1,1,1649,1.649
GEO,67403,"SHIJIAN-29B (SJ-29B)    ",1.00275,3.301,0.0007105,500,1,2,10,2,32.7462,32.2118,0.733502,0.534442,67302,0,1,1,1676,1.676
GEO,67403,"SHIJIAN-29B (SJ-29B)    ",1.00275,3.301,0.0007105,500,1,3,10,2,26.3636,26.2671,0.924729,0.0965808,67302,0,1,1,1441,1.441
GEO,67403,"SHIJIAN-29B (SJ-29B)    ",1.00275,3.301,0.0007105,500,1,4,10,2,46.3346,45.8316,0.179188,0.502988,67302,0,1,1,1795,1.795
GEO,67403,"SHIJIAN-29B (SJ-29B)    ",1.00275,3.301,0.0007105,500,1,5,10,1,28.6117,28.6117,0.864948,0.251907,67403,1,1,1,2162,2.162
GEO,67403,"SHIJIAN-29B (SJ-29B)    ",1.00275,3.301,0.0007105,500,1.5,1,10,2,50.0638,49.5675,0.0990757,0.496284,67302,0,1,1,1663,1.663
GEO,67403,"SHIJIAN-29B (SJ-29B)    ",1.00275,3.301,0.0007105,500,1.5,2,10,1,12.6923,12.6923,0.999963,0.52348,67403,1,1,1,1458,1.458
GEO,67403,"SHIJIAN-29B (SJ-29B)    ",1.00275,3.301,0.0007105,500,1.5,3,10,1,36.2013,36.2013,0.552825,0.211929,67403,1,1,1,1409,1.409
GEO,67403,"SHIJIAN-29B (SJ-29B)    ",1.00275,3.301,0.0007105,500,1.5,4,10,1,35.0582,35.0582,0.606228,0.561234,67403,1,1,1,1658,1.658
GEO,67403,"SHIJIAN-29B (SJ-29B)    ",1.00275,3.301,0.0007105,500,1.5,5,10,1,29.2132,29.2132,0.846131,0.064111,67403,1,1,1,2665,2.665
GEO,67403,"SHIJIAN-29B (SJ-29B)    ",1.00275,3.301,0.0007105,500,2,1,10,1,45.8951,45.8951,0.177513,0.715771,67403,1,1,1,1538,1.538
GEO,67403,"SHIJIAN-29B (SJ-29B)    ",1.00275,3.301,0.0007105,500,2,2,10,2,25.649,25.5103,0.939435,0.138717,67302,0,1,1,1414,1.414
GEO,67403,"SHIJIAN-29B (SJ-29B)    ",1.00275,3.301,0.0007105,500,2,3,10,2,27.3165,26.916,0.910359,0.400444,67302,0,1,1,1684,1.684
GEO,67403,"SHIJIAN-29B (SJ-29B)    ",1.00275,3.301,0.0007105,500,2,4,10,1,21.1339,21.1339,0.987779,0.461021,67403,1,1,1,1598,1.598
GEO,67403,"SHIJIAN-29B (SJ-29B)    ",1.00275,3.301,0.0007105,500,2,5,10,1,39.1059,39.1059,0.419947,0.681184,67403,1,1,1,1694,1.694
Polar,17070,"POLAR BEAR              ",13.7528,89.621,0.0040368,500,0,1,10,1,3.22664e-05,3.22664e-05,1,3.51584e+07,17070,1,1,1,20917,20.917
Polar,17070,"POLAR BEAR              ",13.7528,89.621,0.0040368,500,0,2,10,1,3.22664e-05,3.22664e-05,1,3.51584e+07,17070,1,1,1,1481,1.481
Polar,17070,"POLAR BEAR              ",13.7528,89.621,0.0040368,500,0,3,10,1,3.22664e-05,3.22664e-05,1,3.51584e+07,17070,1,1,1,1382,1.382
Polar,17070,"POLAR BEAR              ",13.7528,89.621,0.0040368,500,0,4,10,1,3.22664e-05,3.22664e-05,1,3.51584e+07,17070,1,1,1,1325,1.325
Polar,17070,"POLAR BEAR              ",13.7528,89.621,0.0040368,500,0,5,10,1,3.22664e-05,3.22664e-05,1,3.51584e+07,17070,1,1,1,1221,1.221
Polar,17070,"POLAR BEAR              ",13.7528,89.621,0.0040368,500,0.05,1,10,1,45.1466,45.1466,0.197993,13899.5,17070,1,1,1,1289,1.289
Polar,17070,"POLAR BEAR              ",13.7528,89.621,0.0040368,500,0.05,2,10,1,23.0674,23.0674,0.973165,14263.6,17070,1,1,1,1315,1.315
Polar,17070,"POLAR BEAR              ",13.7528,89.621,0.0040368,500,0.05,3,10,1,40.0168,40.0168,0.380712,13749.2,17070,1,1,1,2294,2.294
Polar,17070,"POLAR BEAR              ",13.7528,89.621,0.0040368,500,0.05,4,10,1,69.8182,69.8182,0.00125444,14099.4,17070,1,1,1,2523,2.523
Polar,17070,"POLAR BEAR              ",13.7528,89.621,0.0040368,500,0.05,5,10,1,25.0637,25.0637,0.947112,14300,17070,1,1,1,1315,1.315
Polar,17070,"POLAR BEAR              ",13.7528,89.621,0.0040368,500,0.1,1,10,1,46.4961,46.4961,0.162217,3465.79,17070,1,1,1,1513,1.513
Polar,17070,"POLAR BEAR              ",13.7528,89.621,0.0040368,500,0.1,2,10,1,23.2405,23.2405,0.971395,3449.93,17070,1,1,1,1301,1.301
Polar,17070,"POLAR BEAR              ",13.7528,89.621,0.0040368,500,0.1,3,10,1,25.578,25.578,0.938206,3450.59,17070,1,1,1,1480,1.48
Polar,17070,"POLAR BEAR              ",13.7528,89.621,0.0040368,500,0.1,4,10,1,53.0381,53.0381,0.0533569,3449.13,17070,1,1,1,2417,2.417
Polar,17070,"POLAR BEAR              ",13.7528,89.621,0.0040368,500,0.1,5,10,1,30.1332,30.1332,0.814738,3569.31,17070,1,1,1,2296,2.296
Polar,17070,"POLAR BEAR              ",13.7528,89.621,0.0040368,500,0.25,1,10,1,36.8067,36.8067,0.52455,571.353,17070,1,1,1,1529,1.529
Polar,17070,"POLAR BEAR              ",13.7528,89.621,0.0040368,500,0.25,2,10,1,28.8826,28.8826,0.856647,483.693,17070,1,1,1,1622,1.622
Polar,17070,"POLAR BEAR              ",13.7528,89.621,0.0040368,500,0.25,3,10,1,21.592,21.592,0.985086,531.846,17070,1,1,1,1283,1.283
Polar,17070,"POLAR BEAR              ",13.7528,89.621,0.0040368,500,0.25,4,10,1,31.1102,31.1102,0.778186,563.114,17070,1,1,1,1333,1.333
Polar,17070,"POLAR BEAR              ",13.7528,89.621,0.0040368,500,0.25,5,10,1,34.4316,34.4316,0.63522,543.473,17070,1,1,1,1808,1.808
Polar,17070,"POLAR BEAR              ",13.7528,89.621,0.0040368,500,0.5,1,10,1,27.8237,27.8237,0.887469,110.708,17070,1,1,1,2088,2.088
Polar,17070,"POLAR BEAR              ",13.7528,89.621,0.0040368,500,0.5,2,10,1,31.6276,31.6276,0.757619,71.8219,17070,1,1,1,1568,1.568
Polar,17070,"POLAR BEAR              ",13.7528,89.621,0.0040368,500,0.5,3,10,1,44.8646,44.8646,0.206128,107.893,17070,1,1,1,1465,1.465
Polar,17070,"POLAR BEAR              ",13.7528,89.621,0.0040368,500,0.5,4,10,1,57.4358,57.4358,0.0223578,136.012,17070,1,1,1,1894,1.894
Polar,17070,"POLAR BEAR              ",13.7528,89.621,0.0040368,500,0.5,5,10,1,26.6469,26.6469,0.916517,134.03,17070,1,1,1,1784,1.784
Polar,17070,"POLAR BEAR              ",13.7528,89.621,0.0040368,500,1,1,10,1,44.4479,44.4479,0.218567,31.2982,17070,1,1,1,1303,1.303
Polar,17070,"POLAR BEAR              ",13.7528,89.621,0.0040368,500,1,2,10,1,34.2624,34.2624,0.642982,19.1108,17070,1,1,1,1219,1.219
Polar,17070,"POLAR BEAR              ",13.7528,89.621,0.0040368,500,1,3,10,1,35.4526,35.4526,0.587843,22.9719,17070,1,1,1,1407,1.407
Polar,17070,"POLAR BEAR              ",13.7528,89.621,0.0040368,500,1,4,10,1,43.7305,43.7305,0.241158,30.3317,17070,1,1,1,1419,1.419
Polar,17070,"POLAR BEAR              ",13.7528,89.621,0.0040368,500,1,5,10,1,60.1278,60.1278,0.0125754,35.178,17070,1,1,1,1314,1.314
Polar,17070,"POLAR BEAR              ",13.7528,89.621,0.0040368,500,1.5,1,10,1,37.9034,37.9034,0.473893,15.5479,17070,1,1,1,2252,2.252
Polar,17070,"POLAR BEAR              ",13.7528,89.621,0.0040368,500,1.5,2,10,1,24.015,24.015,0.962392,16.1107,17070,1,1,1,2860,2.86
Polar,17070,"POLAR BEAR              ",13.7528,89.621,0.0040368,500,1.5,3,10,1,32.7598,32.7598,0.710109,8.81394,17070,1,1,1,1370,1.37
Polar,17070,"POLAR BEAR              ",13.7528,89.621,0.0040368,500,1.5,4,10,1,23.1892,23.1892,0.971928,13.7316,17070,1,1,1,1398,1.398
Polar,17070,"POLAR BEAR              ",13.7528,89.621,0.0040368,500,1.5,5,10,1,29.2705,29.2705,0.844268,3.43067,17070,1,1,1,1563,1.563
Polar,17070,"POLAR BEAR              ",13.7528,89.621,0.0040368,500,2,1,10,1,18.078,18.078,0.997459,6.21729,17070,1,1,1,4227,4.227
Polar,17070,"POLAR BEAR              ",13.7528,89.621,0.0040368,500,2,2,10,1,26.1919,26.1919,0.926286,5.92027,17070,1,1,1,3059,3.059
Polar,17070,"POLAR BEAR              ",13.7528,89.621,0.0040368,500,2,3,10,1,9.21048,9.21048,1,9.16639,17070,1,1,1,1424,1.424
Polar,17070,"POLAR BEAR              ",13.7528,89.621,0.0040368,500,2,4,10,1,50.4846,50.4846,0.0846484,5.59506,17070,1,1,1,1336,1.336
Polar,17070,"POLAR BEAR              ",13.7528,89.621,0.0040368,500,2,5,10,1,22.5854,22.5854,0.977657,7.91055,17070,1,1,1,1577,1.577
Polar,15362,"NOVA 3                  ",13.2307,90.1191,0.0029551,500,0,1,10,1,2.90598e-05,2.90598e-05,1,2.98549e+07,15362,1,1,1,16011,16.011
Polar,15362,"NOVA 3                  ",13.2307,90.1191,0.0029551,500,0,2,10,1,2.90598e-05,2.90598e-05,1,2.98549e+07,15362,1,1,1,1979,1.979
Polar,15362,"NOVA 3                  ",13.2307,90.1191,0.0029551,500,0,3,10,1,2.90598e-05,2.90598e-05,1,2.98549e+07,15362,1,1,1,2633,2.633
Polar,15362,"NOVA 3                  ",13.2307,90.1191,0.0029551,500,0,4,10,1,2.90598e-05,2.90598e-05,1,2.98549e+07,15362,1,1,1,1560,1.56
Polar,15362,"NOVA 3                  ",13.2307,90.1191,0.0029551,500,0,5,10,1,2.90598e-05,2.90598e-05,1,2.98549e+07,15362,1,1,1,1256,1.256
Polar,15362,"NOVA 3                  ",13.2307,90.1191,0.0029551,500,0.05,1,10,1,37.242,37.242,0.504323,11826.7,15362,1,1,1,1427,1.427
Polar,15362,"NOVA 3                  ",13.2307,90.1191,0.0029551,500,0.05,2,10,1,42.6336,42.6336,0.278551,12089.6,15362,1,1,1,2233,2.233
Polar,15362,"NOVA 3                  ",13.2307,90.1191,0.0029551,500,0.05,3,10,1,57.2958,57.2958,0.0230173,12012.6,15362,1,1,1,1667,1.667
Polar,15362,"NOVA 3                  ",13.2307,90.1191,0.0029551,500,0.05,4,10,1,21.1377,21.1377,0.987759,12045,15362,1,1,1,1569,1.569
Polar,15362,"NOVA 3                  ",13.2307,90.1191,0.0029551,500,0.05,5,10,1,67.8559,67.8559,0.00205533,11931.4,15362,1,1,1,1303,1.303
Polar,15362,"NOVA 3                  ",13.2307,90.1191,0.0029551,500,0.1,1,10,1,24.7734,24.7734,0.951719,3022.23,15362,1,1,1,1356,1.356
Polar,15362,"NOVA 3                  ",13.2307,90.1191,0.0029551,500,0.1,2,10,1,25.0996,25.0996,0.946522,3226.27,15362,1,1,1,2602,2.602
Polar,15362,"NOVA 3                  ",13.2307,90.1191,0.0029551,500,0.1,3,10,1,39.564,39.564,0.400016,3056.05,15362,1,1,1,2003,2.003
Polar,15362,"NOVA 3                  ",13.2307,90.1191,0.0029551,500,0.1,4,10,1,33.2144,33.2144,0.690213,3055.93,15362,1,1,1,1684,1.684
Polar,15362,"NOVA 3                  ",13.2307,90.1191,0.0029551,500,0.1,5,10,1,48.6018,48.6018,0.116355,2894.89,15362,1,1,1,1435,1.435
Polar,15362,"NOVA 3                  ",13.2307,90.1191,0.0029551,500,0.25,1,10,1,39.2171,39.2171,0.415075,485.051,15362,1,1,1,1349,1.349
Polar,15362,"NOVA 3                  ",13.2307,90.1191,0.0029551,500,0.25,2,10,1,32.3691,32.3691,0.726859,406.446,15362,1,1,1,1633,1.633
Polar,15362,"NOVA 3                  ",13.2307,90.1191,0.0029551,500,0.25,3,10,1,55.149,55.149,0.035547,444.063,15362,1,1,1,2415,2.415
Polar,15362,"NOVA 3                  ",13.2307,90.1191,0.0029551,500,0.25,4,10,1,31.5592,31.5592,0.760382,442.933,15362,1,1,1,2575,2.575
Polar,15362,"NOVA 3                  ",13.2307,90.1191,0.0029551,500,0.25,5,10,1,22.2741,22.2741,0.980238,514.229,15362,1,1,1,1548,1.548
Polar,15362,"NOVA 3                  ",13.2307,90.1191,0.0029551,500,0.5,1,10,1,21.3337,21.3337,0.986656,106.826,15362,1,1,1,1307,1.307
Polar,15362,"NOVA 3                  ",13.2307,90.1191,0.0029551,500,0.5,2,10,1,27.7361,27.7361,0.889821,103.236,15362,1,1,1,1347,1.347
Polar,15362,"NOVA 3                  ",13.2307,90.1191,0.0029551,500,0.5,3,10,1,23.5097,23.5097,0.968471,135.078,15362,1,1,1,1521,1.521
Polar,15362,"NOVA 3                  ",13.2307,90.1191,0.0029551,500,0.5,4,10,1,27.2977,27.2977,0.901133,131.466,15362,1,1,1,2181,2.181
Polar,15362,"NOVA 3                  ",13.2307,90.1191,0.0029551,500,0.5,5,10,1,33.1476,33.1476,0.693163,137.73,15362,1,1,1,1929,1.929
Polar,15362,"NOVA 3                  ",13.2307,90.1191,0.0029551,500,1,1,10,1,43.1702,43.1702,0.259835,44.0201,15362,1,1,1,1464,1.464
Polar,15362,"NOVA 3                  ",13.2307,90.1191,0.0029551,500,1,2,10,1,31.6338,31.6338,0.75737,53.2251,15362,1,1,1,1558,1.558
Polar,15362,"NOVA 3                  ",13.2307,90.1191,0.0029551,500,1,3,10,1,37.5982,37.5982,0.487882,29.6637,15362,1,1,1,1429,1.429
Polar,15362,"NOVA 3                  ",13.2307,90.1191,0.0029551,500,1,4,10,1,39.284,39.284,0.412152,21.6057,15362,1,1,1,2535,2.535
Polar,15362,"NOVA 3                  ",13.2307,90.1191,0.0029551,500,1,5,10,1,54.2205,54.2205,0.0426128,31.5478,15362,1,1,1,2342,2.342
Polar,15362,"NOVA 3                  ",13.2307,90.1191,0.0029551,500,1.5,1,10,1,42.8387,42.8387,0.271302,9.43025,15362,1,1,1,1447,1.447
Polar,15362,"NOVA 3                  ",13.2307,90.1191,0.0029551,500,1.5,2,10,1,32.7989,32.7989,0.708413,15.936,15362,1,1,1,1275,1.275
Polar,15362,"NOVA 3                  ",13.2307,90.1191,0.0029551,500,1.5,3,10,1,66.0177,66.0177,0.00322573,15.4406,15362,1,1,1,1405,1.405
Polar,15362,"NOVA 3                  ",13.2307,90.1191,0.0029551,500,1.5,4,10,1,35.7927,35.7927,0.571943,15.6995,15362,1,1,1,1280,1.28
Polar,15362,"NOVA 3                  ",13.2307,90.1191,0.0029551,500,1.5,5,10,1,35.182,35.182,0.600466,17.7269,15362,1,1,1,2643,2.643
Polar,15362,"NOVA 3                  ",13.2307,90.1191,0.0029551,500,2,1,10,3,35.1891,33.2117,0.690333,1.80629,31882,0,1,1,1408,1.408
Polar,15362,"NOVA 3                  ",13.2307,90.1191,0.0029551,500,2,2,10,1,88.8345,88.8345,5.95884e-06,9.82561,15362,1,1,1,1316,1.316
Polar,15362,"NOVA 3                  ",13.2307,90.1191,0.0029551,500,2,3,10,1,20.9924,20.9924,0.988528,13.6277,15362,1,1,1,1570,1.57
Polar,15362,"NOVA 3                  ",13.2307,90.1191,0.0029551,500,2,4,10,1,40.2253,40.2253,0.371971,8.1795,15362,1,1,1,1301,1.301
Polar,15362,"NOVA 3                  ",13.2307,90.1191,0.0029551,500,2,5,10,1,22.5799,22.5799,0.977705,11.0072,15362,1,1,1,1991,1.991
Polar,6909,"NNSS 20 (TRANSIT 20)    ",13.715,89.8609,0.0153816,500,0,1,10,1,3.36098e-05,3.36098e-05,1,8.65208e+06,6909,1,1,1,18185,18.185
Polar,6909,"NNSS 20 (TRANSIT 20)    ",13.715,89.8609,0.0153816,500,0,2,10,1,3.36098e-05,3.36098e-05,1,8.65208e+06,6909,1,1,1,1597,1.597
Polar,6909,"NNSS 20 (TRANSIT 20)    ",13.715,89.8609,0.0153816,500,0,3,10,1,3.36098e-05,3.36098e-05,1,8.65208e+06,6909,1,1,1,1305,1.305
Polar,6909,"NNSS 20 (TRANSIT 20)    ",13.715,89.8609,0.0153816,500,0,4,10,1,3.36098e-05,3.36098e-05,1,8.65208e+06,6909,1,1,1,2351,2.351
Polar,6909,"NNSS 20 (TRANSIT 20)    ",13.715,89.8609,0.0153816,500,0,5,10,1,3.36098e-05,3.36098e-05,1,8.65208e+06,6909,1,1,1,1521,1.521
Polar,6909,"NNSS 20 (TRANSIT 20)    ",13.715,89.8609,0.0153816,500,0.05,1,10,1,33.5048,33.5048,0.677296,3475.25,6909,1,1,1,1397,1.397
Polar,6909,"NNSS 20 (TRANSIT 20)    ",13.715,89.8609,0.0153816,500,0.05,2,10,1,78.7767,78.7767,0.000113433,3513.4,6909,1,1,1,1438,1.438
Polar,6909,"NNSS 20 (TRANSIT 20)    ",13.715,89.8609,0.0153816,500,0.05,3,10,1,27.6593,27.6593,0.891857,3334.27,6909,1,1,1,1577,1.577
Polar,6909,"NNSS 20 (TRANSIT 20)    ",13.715,89.8609,0.0153816,500,0.05,4,10,1,33.599,33.599,0.673074,3430.21,6909,1,1,1,1470,1.47
Polar,6909,"NNSS 20 (TRANSIT 20)    ",13.715,89.8609,0.0153816,500,0.05,5,10,1,37.6361,37.6361,0.48614,3520.81,6909,1,1,1,3395,3.395
Polar,6909,"NNSS 20 (TRANSIT 20)    ",13.715,89.8609,0.0153816,500,0.1,1,10,1,40.5973,40.5973,0.356605,888.855,6909,1,1,1,2832,2.832
Polar,6909,"NNSS 20 (TRANSIT 20)    ",13.715,89.8609,0.0153816,500,0.1,2,10,1,44.632,44.632,0.213009,896.185,6909,1,1,1,1347,1.347
Polar,6909,"NNSS 20 (TRANSIT 20)    ",13.715,89.8609,0.0153816,500,0.1,3,10,1,40.5308,40.5308,0.359332,868.491,6909,1,1,1,1632,1.632
Polar,6909,"NNSS 20 (TRANSIT 20)    ",13.715,89.8609,0.0153816,500,0.1,4,10,1,29.0859,29.0859,0.850229,913.955,6909,1,1,1,1620,1.62
Polar,6909,"NNSS 20 (TRANSIT 20)    ",13.715,89.8609,0.0153816,500,0.1,5,10,1,33.4074,33.4074,0.681644,990.899,6909,1,1,1,2363,2.363
Polar,6909,"NNSS 20 (TRANSIT 20)    ",13.715,89.8609,0.0153816,500,0.25,1,10,1,31.6201,31.6201,0.757926,144.764,6909,1,1,1,1617,1.617
Polar,6909,"NNSS 20 (TRANSIT 20)    ",13.715,89.8609,0.0153816,500,0.25,2,10,1,37.9242,37.9242,0.472941,129.134,6909,1,1,1,1512,1.512
Polar,6909,"NNSS 20 (TRANSIT 20)    ",13.715,89.8609,0.0153816,500,0.25,3,10,1,28.0468,28.0468,0.88134,148.887,6909,1,1,1,1562,1.562
Polar,6909,"NNSS 20 (TRANSIT 20)    ",13.715,89.8609,0.0153816,500,0.25,4,10,1,60.3947,60.3947,0.0118584,114.545,6909,1,1,1,1403,1.403
Polar,6909,"NNSS 20 (TRANSIT 20)    ",13.715,89.8609,0.0153816,500,0.25,5,10,1,29.2673,29.2673,0.84437,150.49,6909,1,1,1,1545,1.545
Polar,6909,"NNSS 20 (TRANSIT 20)    ",13.715,89.8609,0.0153816,500,0.5,1,10,1,34.5274,34.5274,0.630808,44.8362,6909,1,1,1,3163,3.163
Polar,6909,"NNSS 20 (TRANSIT 20)    ",13.715,89.8609,0.0153816,500,0.5,2,10,1,32.092,32.092,0.738521,49.1953,6909,1,1,1,2938,2.938
Polar,6909,"NNSS 20 (TRANSIT 20)    ",13.715,89.8609,0.0153816,500,0.5,3,10,1,39.7813,39.7813,0.390699,50.0521,6909,1,1,1,32194,32.194
Polar,6909,"NNSS 20 (TRANSIT 20)    ",13.715,89.8609,0.0153816,500,0.5,4,10,1,33.0544,33.0544,0.697261,46.2692,6909,1,1,1,1921,1.921
Polar,6909,"NNSS 20 (TRANSIT 20)    ",13.715,89.8609,0.0153816,500,0.5,5,10,1,25.8158,25.8158,0.933759,24.9598,6909,1,1,1,1650,1.65
Polar,6909,"NNSS 20 (TRANSIT 20)    ",13.715,89.8609,0.0153816,500,1,1,10,1,31.3367,31.3367,0.769282,14.2561,6909,1,1,1,1857,1.857
Polar,6909,"NNSS 20 (TRANSIT 20)    ",13.715,89.8609,0.0153816,500,1,2,10,1,33.4005,33.4005,0.681953,17.3225,6909,1,1,1,3463,3.463
Polar,6909,"NNSS 20 (TRANSIT 20)    ",13.715,89.8609,0.0153816,500,1,3,10,1,30.2717,30.2717,0.809749,8.33557,6909,1,1,1,1939,1.939
Polar,6909,"NNSS 20 (TRANSIT 20)    ",13.715,89.8609,0.0153816,500,1,4,10,1,11.381,11.381,0.999991,17.1689,6909,1,1,1,1554,1.554
Polar,6909,"NNSS 20 (TRANSIT 20)    ",13.715,89.8609,0.0153816,500,1,5,10,1,23.9167,23.9167,0.963637,11.6765,6909,1,1,1,1647,1.647
Polar,6909,"NNSS 20 (TRANSIT 20)    ",13.715,89.8609,0.0153816,500,1.5,1,10,1,42.469,42.469,0.284457,6.25127,6909,1,1,1,1540,1.54
Polar,6909,"NNSS 20 (TRANSIT 20)    ",13.715,89.8609,0.0153816,500,1.5,2,10,1,41.7906,41.7906,0.309561,6.03605,6909,1,1,1,3440,3.44
Polar,6909,"NNSS 20 (TRANSIT 20)    ",13.715,89.8609,0.0153816,500,1.5,3,10,1,34.2341,34.2341,0.64428,4.0198,6909,1,1,1,2134,2.134
Polar,6909,"NNSS 20 (TRANSIT 20)    ",13.715,89.8609,0.0153816,500,1.5,4,10,1,42.1584,42.1584,0.295796,2.49203,6909,1,1,1,1307,1.307
Polar,6909,"NNSS 20 (TRANSIT 20)    ",13.715,89.8609,0.0153816,500,1.5,5,10,2,24.8097,24.6703,0.953284,0.139395,31306,0,1,1,1426,1.426
Polar,6909,"NNSS 20 (TRANSIT 20)    ",13.715,89.8609,0.0153816,500,2,1,10,1,46.7483,46.7483,0.156097,3.14371,6909,1,1,1,1353,1.353
Polar,6909,"NNSS 20 (TRANSIT 20)    ",13.715,89.8609,0.0153816,500,2,2,10,2,38.5671,38.1061,0.464658,0.461032,31306,0,1,1,1311,1.311
Polar,6909,"NNSS 20 (TRANSIT 20)    ",13.715,89.8609,0.0153816,500,2,3,10,1,19.665,19.665,0.993924,0.982669,6909,1,1,1,2551,2.551
Polar,6909,"NNSS 20 (TRANSIT 20)    ",13.715,89.8609,0.0153816,500,2,4,10,1,18.6682,18.6682,0.996431,3.0282,6909,1,1,1,1643,1.643
Polar,6909,"NNSS 20 (TRANSIT 20)    ",13.715,89.8609,0.0153816,500,2,5,10,1,48.2728,48.2728,0.122761,2.74037,6909,1,1,1,1359,1.359
Elliptical,2389,"OV3-3                   ",13.4454,81.3298,0.101419,500,0,1,10,1,2.31729e-05,2.31729e-05,1,1.71797e+07,2389,1,1,1,16508,16.508
Elliptical,2389,"OV3-3                   ",13.4454,81.3298,0.101419,500,0,2,10,1,2.31729e-05,2.31729e-05,1,1.71797e+07,2389,1,1,1,1378,1.378
Elliptical,2389,"OV3-3                   ",13.4454,81.3298,0.101419,500,0,3,10,1,2.31729e-05,2.31729e-05,1,1.71797e+07,2389,1,1,1,1319,1.319
Elliptical,2389,"OV3-3                   ",13.4454,81.3298,0.101419,500,0,4,10,1,2.31729e-05,2.31729e-05,1,1.71797e+07,2389,1,1,1,2778,2.778
Elliptical,2389,"OV3-3                   ",13.4454,81.3298,0.101419,500,0,5,10,1,2.31729e-05,2.31729e-05,1,1.71797e+07,2389,1,1,1,2717,2.717
Elliptical,2389,"OV3-3                   ",13.4454,81.3298,0.101419,500,0.05,1,10,1,49.3493,49.3493,0.102788,6935.57,2389,1,1,1,1389,1.389
Elliptical,2389,"OV3-3                   ",13.4454,81.3298,0.101419,500,0.05,2,10,1,52.4999,52.4999,0.0589709,6694.13,2389,1,1,1,1549,1.549
Elliptical,2389,"OV3-3                   ",13.4454,81.3298,0.101419,500,0.05,3,10,1,20.377,20.377,0.991372,6745.35,2389,1,1,1,1549,1.549
Elliptical,2389,"OV3-3                   ",13.4454,81.3298,0.101419,500,0.05,4,10,1,43.6851,43.6851,0.242639,6622.63,2389,1,1,1,1463,1.463
Elliptical,2389,"OV3-3                   ",13.4454,81.3298,0.101419,500,0.05,5,10,1,40.5482,40.5482,0.358617,6981.5,2389,1,1,1,2396,2.396
Elliptical,2389,"OV3-3                   ",13.4454,81.3298,0.101419,500,0.1,1,10,1,31.4679,31.4679,0.764052,1754.34,2389,1,1,1,2693,2.693
Elliptical,2389,"OV3-3                   ",13.4454,81.3298,0.101419,500,0.1,2,10,1,22.3131,22.3131,0.979927,1794.12,2389,1,1,1,1385,1.385
Elliptical,2389,"OV3-3                   ",13.4454,81.3298,0.101419,500,0.1,3,10,1,47.7771,47.7771,0.132929,1824.08,2389,1,1,1,1357,1.357
Elliptical,2389,"OV3-3                   ",13.4454,81.3298,0.101419,500,0.1,4,10,1,28.9988,28.9988,0.852997,1696.42,2389,1,1,1,1453,1.453
Elliptical,2389,"OV3-3                   ",13.4454,81.3298,0.101419,500,0.1,5,10,1,31.4748,31.4748,0.763776,1732,2389,1,1,1,1334,1.334
Elliptical,2389,"OV3-3                   ",13.4454,81.3298,0.101419,500,0.25,1,10,1,28.4668,28.4668,0.869274,253.982,2389,1,1,1,2273,2.273
Elliptical,2389,"OV3-3                   ",13.4454,81.3298,0.101419,500,0.25,2,10,1,33.9289,33.9289,0.658188,222.561,2389,1,1,1,1375,1.375
Elliptical,2389,"OV3-3                   ",13.4454,81.3298,0.101419,500,0.25,3,10,1,45.2725,45.2725,0.194436,298.524,2389,1,1,1,1350,1.35
Elliptical,2389,"OV3-3                   ",13.4454,81.3298,0.101419,500,0.25,4,10,1,31.9684,31.9684,0.743659,283.128,2389,1,1,1,1437,1.437
Elliptical,2389,"OV3-3                   ",13.4454,81.3298,0.101419,500,0.25,5,10,1,43.3136,43.3136,0.254969,215.657,2389,1,1,1,1407,1.407
Elliptical,2389,"OV3-3                   ",13.4454,81.3298,0.101419,500,0.5,1,10,1,15.9863,15.9863,0.999356,52.5622,2389,1,1,1,1341,1.341
Elliptical,2389,"OV3-3                   ",13.4454,81.3298,0.101419,500,0.5,2,10,1,51.8913,51.8913,0.0659184,65.4378,2389,1,1,1,1291,1.291
Elliptical,2389,"OV3-3                   ",13.4454,81.3298,0.101419,500,0.5,3,10,1,22.028,22.028,0.98211,62.917,2389,1,1,1,2256,2.256
Elliptical,2389,"OV3-3                   ",13.4454,81.3298,0.101419,500,0.5,4,10,1,25.9782,25.9782,0.930599,33.4969,2389,1,1,1,1929,1.929
Elliptical,2389,"OV3-3                   ",13.4454,81.3298,0.101419,500,0.5,5,10,1,47.6415,47.6415,0.135822,45.2183,2389,1,1,1,1355,1.355
Elliptical,2389,"OV3-3                   ",13.4454,81.3298,0.101419,500,1,1,10,1,58.9303,58.9303,0.0163062,8.39767,2389,1,1,1,1263,1.263
Elliptical,2389,"OV3-3                   ",13.4454,81.3298,0.101419,500,1,2,10,1,30.8981,30.8981,0.786386,25.7152,2389,1,1,1,1538,1.538
Elliptical,2389,"OV3-3                   ",13.4454,81.3298,0.101419,500,1,3,10,1,43.7866,43.7866,0.239339,14.5693,2389,1,1,1,1349,1.349
Elliptical,2389,"OV3-3                   ",13.4454,81.3298,0.101419,500,1,4,10,1,22.2963,22.2963,0.980062,7.91811,2389,1,1,1,2515,2.515
Elliptical,2389,"OV3-3                   ",13.4454,81.3298,0.101419,500,1,5,10,1,35.4709,35.4709,0.586991,14.8131,2389,1,1,1,2804,2.804
Elliptical,2389,"OV3-3                   ",13.4454,81.3298,0.101419,500,1.5,1,10,1,31.4334,31.4334,0.76543,7.44092,2389,1,1,1,1458,1.458
Elliptical,2389,"OV3-3                   ",13.4454,81.3298,0.101419,500,1.5,2,10,1,25.8536,25.8536,0.933033,5.18843,2389,1,1,1,1327,1.327
Elliptical,2389,"OV3-3                   ",13.4454,81.3298,0.101419,500,1.5,3,10,1,28.7947,28.7947,0.859369,2.27871,2389,1,1,1,1426,1.426
Elliptical,2389,"OV3-3                   ",13.4454,81.3298,0.101419,500,1.5,4,10,1,37.9524,37.9524,0.471657,4.52673,2389,1,1,1,1675,1.675
Elliptical,2389,"OV3-3                   ",13.4454,81.3298,0.101419,500,1.5,5,10,1,18.9226,18.9226,0.995892,5.04113,2389,1,1,1,2386,2.386
Elliptical,2389,"OV3-3                   ",13.4454,81.3298,0.101419,500,2,1,10,1,29.9246,29.9246,0.822123,3.75663,2389,1,1,1,3009,3.009
Elliptical,2389,"OV3-3                   ",13.4454,81.3298,0.101419,500,2,2,10,1,25.0668,25.0668,0.94706,3.99488,2389,1,1,1,1380,1.38
Elliptical,2389,"OV3-3                   ",13.4454,81.3298,0.101419,500,2,3,10,1,44.1706,44.1706,0.227122,2.71316,2389,1,1,1,1516,1.516
Elliptical,2389,"OV3-3                   ",13.4454,81.3298,0.101419,500,2,4,10,4,51.267,40.5742,0.357551,4.637,65388,0,0,1,1377,1.377
Elliptical,2389,"OV3-3                   ",13.4454,81.3298,0.101419,500,2,5,10,3,48.489,42.4623,0.284698,5.84279,44204,0,1,1,1783,1.783
Elliptical,1804,"ALOUETTE 2              ",12.2832,79.7989,0.133032,500,0,1,10,1,1.30245e-05,1.30245e-05,1,1.07249e+07,1804,1,1,1,14906,14.906
Elliptical,1804,"ALOUETTE 2              ",12.2832,79.7989,0.133032,500,0,2,10,1,1.30245e-05,1.30245e-05,1,1.07249e+07,1804,1,1,1,3501,3.501
Elliptical,1804,"ALOUETTE 2              ",12.2832,79.7989,0.133032,500,0,3,10,1,1.30245e-05,1.30245e-05,1,1.07249e+07,1804,1,1,1,2345,2.345
Elliptical,1804,"ALOUETTE 2              ",12.2832,79.7989,0.133032,500,0,4,10,1,1.30245e-05,1.30245e-05,1,1.07249e+07,1804,1,1,1,3577,3.577
Elliptical,1804,"ALOUETTE 2              ",12.2832,79.7989,0.133032,500,0,5,10,1,1.30245e-05,1.30245e-05,1,1.07249e+07,1804,1,1,1,1589,1.589
Elliptical,1804,"ALOUETTE 2              ",12.2832,79.7989,0.133032,500,0.05,1,10,1,50.2049,50.2049,0.0888526,4309.96,1804,1,1,1,1928,1.928
Elliptical,1804,"ALOUETTE 2              ",12.2832,79.7989,0.133032,500,0.05,2,10,1,56.9735,56.9735,0.0246021,4370.84,1804,1,1,1,1577,1.577
Elliptical,1804,"ALOUETTE 2              ",12.2832,79.7989,0.133032,500,0.05,3,10,1,49.3199,49.3199,0.103297,4278.38,1804,1,1,1,2779,2.779
Elliptical,1804,"ALOUETTE 2              ",12.2832,79.7989,0.133032,500,0.05,4,10,1,22.7329,22.7329,0.976349,4422.57,1804,1,1,1,2964,2.964
Elliptical,1804,"ALOUETTE 2              ",12.2832,79.7989,0.133032,500,0.05,5,10,1,30.3005,30.3005,0.808705,4409.18,1804,1,1,1,1539,1.539
Elliptical,1804,"ALOUETTE 2              ",12.2832,79.7989,0.133032,500,0.1,1,10,1,38.8312,38.8312,0.432079,1051.53,1804,1,1,1,1386,1.386
Elliptical,1804,"ALOUETTE 2              ",12.2832,79.7989,0.133032,500,0.1,2,10,1,30.1261,30.1261,0.81499,1071.5,1804,1,1,1,1446,1.446
Elliptical,1804,"ALOUETTE 2              ",12.2832,79.7989,0.133032,500,0.1,3,10,1,43.133,43.133,0.261105,1045.82,1804,1,1,1,1965,1.965
Elliptical,1804,"ALOUETTE 2              ",12.2832,79.7989,0.133032,500,0.1,4,10,1,45.0791,45.0791,0.19992,1008.33,1804,1,1,1,3224,3.224
Elliptical,1804,"ALOUETTE 2              ",12.2832,79.7989,0.133032,500,0.1,5,10,1,47.3433,47.3433,0.142352,1189.06,1804,1,1,1,1381,1.381
Elliptical,1804,"ALOUETTE 2              ",12.2832,79.7989,0.133032,500,0.25,1,10,1,41.421,41.421,0.32375,165.842,1804,1,1,1,1372,1.372
Elliptical,1804,"ALOUETTE 2              ",12.2832,79.7989,0.133032,500,0.25,2,10,1,40.5563,40.5563,0.358284,171.308,1804,1,1,1,1515,1.515
Elliptical,1804,"ALOUETTE 2              ",12.2832,79.7989,0.133032,500,0.25,3,10,1,55.7718,55.7718,0.0314043,207.526,1804,1,1,1,1353,1.353
Elliptical,1804,"ALOUETTE 2              ",12.2832,79.7989,0.133032,500,0.25,4,10,1,19.0187,19.0187,0.995672,153.126,1804,1,1,1,2688,2.688
Elliptical,1804,"ALOUETTE 2              ",12.2832,79.7989,0.133032,500,0.25,5,10,1,45.0285,45.0285,0.201373,147.475,1804,1,1,1,2920,2.92
Elliptical,1804,"ALOUETTE 2              ",12.2832,79.7989,0.133032,500,0.5,1,10,1,37.3701,37.3701,0.498398,37.4496,1804,1,1,1,1476,1.476
Elliptical,1804,"ALOUETTE 2              ",12.2832,79.7989,0.133032,500,0.5,2,10,1,29.8201,29.8201,0.825766,25.2637,1804,1,1,1,1292,1.292
Elliptical,1804,"ALOUETTE 2              ",12.2832,79.7989,0.133032,500,0.5,3,10,1,46.35,46.35,0.16584,58.2459,1804,1,1,1,1321,1.321
Elliptical,1804,"ALOUETTE 2              ",12.2832,79.7989,0.133032,500,0.5,4,10,1,36.5486,36.5486,0.536587,50.8886,1804,1,1,1,2202,2.202
Elliptical,1804,"ALOUETTE 2              ",12.2832,79.7989,0.133032,500,0.5,5,10,1,28.7254,28.7254,0.861498,41.9163,1804,1,1,1,1994,1.994
Elliptical,1804,"ALOUETTE 2              ",12.2832,79.7989,0.133032,500,1,1,10,1,28.9254,28.9254,0.855307,6.80502,1804,1,1,1,1911,1.911
Elliptical,1804,"ALOUETTE 2              ",12.2832,79.7989,0.133032,500,1,2,10,1,34.5483,34.5483,0.629844,9.34615,1804,1,1,1,1319,1.319
Elliptical,1804,"ALOUETTE 2              ",12.2832,79.7989,0.133032,500,1,3,10,1,46.5436,46.5436,0.161052,12.3942,1804,1,1,1,1342,1.342
Elliptical,1804,"ALOUETTE 2              ",12.2832,79.7989,0.133032,500,1,4,10,1,36.7966,36.7966,0.525019,1.46866,1804,1,1,1,1834,1.834
Elliptical,1804,"ALOUETTE 2              ",12.2832,79.7989,0.133032,500,1,5,10,1,31.5728,31.5728,0.759836,5.85331,1804,1,1,1,2235,2.235
Elliptical,1804,"ALOUETTE 2              ",12.2832,79.7989,0.133032,500,1.5,1,10,1,32.4601,32.4601,0.722987,5.95618,1804,1,1,1,3068,3.068
Elliptical,1804,"ALOUETTE 2              ",12.2832,79.7989,0.133032,500,1.5,2,10,1,43.8035,43.8035,0.238794,0.387103,1804,1,1,1,1342,1.342
Elliptical,1804,"ALOUETTE 2              ",12.2832,79.7989,0.133032,500,1.5,3,10,1,31.1506,31.1506,0.776609,1.3123,1804,1,1,1,1615,1.615
Elliptical,1804,"ALOUETTE 2              ",12.2832,79.7989,0.133032,500,1.5,4,10,2,37.5512,35.3103,0.594488,2.24095,31464,0,1,1,1463,1.463
Elliptical,1804,"ALOUETTE 2              ",12.2832,79.7989,0.133032,500,1.5,5,10,1,34.7314,34.7314,0.621388,8.08357,1804,1,1,1,3052,3.052
Elliptical,1804,"ALOUETTE 2              ",12.2832,79.7989,0.133032,500,2,1,10,1,37.613,37.613,0.4872,0.416025,1804,1,1,1,2513,2.513
Elliptical,1804,"ALOUETTE 2              ",12.2832,79.7989,0.133032,500,2,2,10,2,31.184,31.0322,0.781218,0.151791,31464,0,1,1,1911,1.911
Elliptical,1804,"ALOUETTE 2              ",12.2832,79.7989,0.133032,500,2,3,10,1,30.8291,30.8291,0.789021,2.41044,1804,1,1,1,1755,1.755
Elliptical,1804,"ALOUETTE 2              ",12.2832,79.7989,0.133032,500,2,4,10,2,36.1905,35.6157,0.580221,0.574739,33775,0,1,1,1788,1.788
Elliptical,1804,"ALOUETTE 2              ",12.2832,79.7989,0.133032,500,2,5,10,1,38.6506,38.6506,0.44012,1.99316,1804,1,1,1,2693,2.693
Elliptical,30239,"FENGYUN 1C DEB          ",11.4284,99.4752,0.146035,500,0,1,10,1,2.88562e-05,2.88562e-05,1,9.51178e+07,30239,1,1,1,12477,12.477
Elliptical,30239,"FENGYUN 1C DEB          ",11.4284,99.4752,0.146035,500,0,2,10,1,2.88562e-05,2.88562e-05,1,9.51178e+07,30239,1,1,1,1416,1.416
Elliptical,30239,"FENGYUN 1C DEB          ",11.4284,99.4752,0.146035,500,0,3,10,1,2.88562e-05,2.88562e-05,1,9.51178e+07,30239,1,1,1,1304,1.304
Elliptical,30239,"FENGYUN 1C DEB          ",11.4284,99.4752,0.146035,500,0,4,10,1,2.88562e-05,2.88562e-05,1,9.51178e+07,30239,1,1,1,1356,1.356
Elliptical,30239,"FENGYUN 1C DEB          ",11.4284,99.4752,0.146035,500,0,5,10,1,2.88562e-05,2.88562e-05,1,9.51178e+07,30239,1,1,1,1316,1.316
Elliptical,30239,"FENGYUN 1C DEB          ",11.4284,99.4752,0.146035,500,0.05,1,10,1,47.5659,47.5659,0.137455,38059.8,30239,1,1,1,2289,2.289
Elliptical,30239,"FENGYUN 1C DEB          ",11.4284,99.4752,0.146035,500,0.05,2,10,1,40.5185,40.5185,0.359835,37990.3,30239,1,1,1,2810,2.81
Elliptical,30239,"FENGYUN 1C DEB          ",11.4284,99.4752,0.146035,500,0.05,3,10,1,43.7064,43.7064,0.241943,38150.9,30239,1,1,1,1386,1.386
Elliptical,30239,"FENGYUN 1C DEB          ",11.4284,99.4752,0.146035,500,0.05,4,10,1,44.5278,44.5278,0.216143,37761.4,30239,1,1,1,1482,1.482
Elliptical,30239,"FENGYUN 1C DEB          ",11.4284,99.4752,0.146035,500,0.05,5,10,1,44.7147,44.7147,0.210545,38506.9,30239,1,1,1,1446,1.446
Elliptical,30239,"FENGYUN 1C DEB          ",11.4284,99.4752,0.146035,500,0.1,1,10,1,51.7339,51.7339,0.0678242,9194.22,30239,1,1,1,1343,1.343
Elliptical,30239,"FENGYUN 1C DEB          ",11.4284,99.4752,0.146035,500,0.1,2,10,1,56.137,56.137,0.0291794,9745.36,30239,1,1,1,2261,2.261
Elliptical,30239,"FENGYUN 1C DEB          ",11.4284,99.4752,0.146035,500,0.1,3,10,1,36.5971,36.5971,0.534326,9159.28,30239,1,1,1,2693,2.693
Elliptical,30239,"FENGYUN 1C DEB          ",11.4284,99.4752,0.146035,500,0.1,4,10,1,48.0083,48.0083,0.128108,9388.93,30239,1,1,1,1385,1.385
Elliptical,30239,"FENGYUN 1C DEB          ",11.4284,99.4752,0.146035,500,0.1,5,10,1,42.264,42.264,0.291911,9812.21,30239,1,1,1,1269,1.269
Elliptical,30239,"FENGYUN 1C DEB          ",11.4284,99.4752,0.146035,500,0.25,1,10,1,70.1973,70.1973,0.00113867,1580.49,30239,1,1,1,1339,1.339
Elliptical,30239,"FENGYUN 1C DEB          ",11.4284,99.4752,0.146035,500,0.25,2,10,1,44.5973,44.5973,0.21405,1700.08,30239,1,1,1,1371,1.371
Elliptical,30239,"FENGYUN 1C DEB          ",11.4284,99.4752,0.146035,500,0.25,3,10,1,34.8109,34.8109,0.617708,1563.12,30239,1,1,1,2148,2.148
Elliptical,30239,"FENGYUN 1C DEB          ",11.4284,99.4752,0.146035,500,0.25,4,10,1,65.9651,65.9651,0.00326701,1569.72,30239,1,1,1,1926,1.926
Elliptical,30239,"FENGYUN 1C DEB          ",11.4284,99.4752,0.146035,500,0.25,5,10,1,55.1561,55.1561,0.0354971,1648.88,30239,1,1,1,1757,1.757
Elliptical,30239,"FENGYUN 1C DEB          ",11.4284,99.4752,0.146035,500,0.5,1,10,1,32.3686,32.3686,0.726881,340.733,30239,1,1,1,1528,1.528
Elliptical,30239,"FENGYUN 1C DEB          ",11.4284,99.4752,0.146035,500,0.5,2,10,1,36.9583,36.9583,0.517493,271.408,30239,1,1,1,1445,1.445
Elliptical,30239,"FENGYUN 1C DEB          ",11.4284,99.4752,0.146035,500,0.5,3,10,1,76.4948,76.4948,0.000213799,378.217,30239,1,1,1,2049,2.049
Elliptical,30239,"FENGYUN 1C DEB          ",11.4284,99.4752,0.146035,500,0.5,4,10,1,35.2073,35.2073,0.599286,420.812,30239,1,1,1,1988,1.988
Elliptical,30239,"FENGYUN 1C DEB          ",11.4284,99.4752,0.146035,500,0.5,5,10,1,65.1923,65.1923,0.00393401,359.29,30239,1,1,1,1465,1.465
Elliptical,30239,"FENGYUN 1C DEB          ",11.4284,99.4752,0.146035,500,1,1,10,1,31.5537,31.5537,0.760604,87.6463,30239,1,1,1,1266,1.266
Elliptical,30239,"FENGYUN 1C DEB          ",11.4284,99.4752,0.146035,500,1,2,10,1,23.6802,23.6802,0.966508,96.4216,30239,1,1,1,1403,1.403
Elliptical,30239,"FENGYUN 1C DEB          ",11.4284,99.4752,0.146035,500,1,3,10,1,37.7611,37.7611,0.480402,84.2046,30239,1,1,1,1266,1.266
Elliptical,30239,"FENGYUN 1C DEB          ",11.4284,99.4752,0.146035,500,1,4,10,1,26.2353,26.2353,0.92539,95.4976,30239,1,1,1,1720,1.72
Elliptical,30239,"FENGYUN 1C DEB          ",11.4284,99.4752,0.146035,500,1,5,10,1,36.9063,36.9063,0.51991,93.3119,30239,1,1,1,2160,2.16
Elliptical,30239,"FENGYUN 1C DEB          ",11.4284,99.4752,0.146035,500,1.5,1,10,1,38.9292,38.9292,0.427733,47.1522,30239,1,1,1,1466,1.466
Elliptical,30239,"FENGYUN 1C DEB          ",11.4284,99.4752,0.146035,500,1.5,2,10,1,27.9465,27.9465,0.884119,32.3957,30239,1,1,1,1360,1.36
Elliptical,30239,"FENGYUN 1C DEB          ",11.4284,99.4752,0.146035,500,1.5,3,10,1,36.1599,36.1599,0.554764,30.3411,30239,1,1,1,1408,1.408
Elliptical,30239,"FENGYUN 1C DEB          ",11.4284,99.4752,0.146035,500,1.5,4,10,1,34.4774,34.4774,0.633112,27.892,30239,1,1,1,1284,1.284
Elliptical,30239,"FENGYUN 1C DEB          ",11.4284,99.4752,0.146035,500,1.5,5,10,1,25.7153,25.7153,0.935664,54.5844,30239,1,1,1,1899,1.899
Elliptical,30239,"FENGYUN 1C DEB          ",11.4284,99.4752,0.146035,500,2,1,10,1,58.4295,58.4295,0.018145,20.6027,30239,1,1,1,2347,2.347
Elliptical,30239,"FENGYUN 1C DEB          ",11.4284,99.4752,0.146035,500,2,2,10,1,35.4428,35.4428,0.588304,26.5504,30239,1,1,1,2539,2.539
Elliptical,30239,"FENGYUN 1C DEB          ",11.4284,99.4752,0.146035,500,2,3,10,1,32.9128,32.9128,0.703458,21.1961,30239,1,1,1,1365,1.365
Elliptical,30239,"FENGYUN 1C DEB          ",11.4284,99.4752,0.146035,500,2,4,10,1,59.0724,59.0724,0.0158161,20.5468,30239,1,1,1,1369,1.369
Elliptical,30239,"FENGYUN 1C DEB          ",11.4284,99.4752,0.146035,500,2,5,10,1,51.5697,51.5697,0.0698611,20.2535,30239,1,1,1,1361,1.361
